ドトールコーヒーショップ カシワタカシマヤステーションモールテン,ドトールコーヒーショップ柏高島屋ステーションモール店
ドトールコーヒーショップ ノムラビルテン,ドトールコーヒーショップ 野村ビル店
ドトールコーヒーショップ シンユウラクチョウビルテン,ドトールコーヒーショップ 新有楽町ビル店
ドトールコーヒー ゲートシティオオサキテン,ドトールコーヒー ゲートシティ大崎店
ドトールコーヒーショップ シンジュクサブナードテン,ドトールコーヒーショップ新宿サブナード店
ドトールコーヒーショップ ヨドヤバシテン,ドトールコーヒーショップ 淀屋橋店
ドトールコーヒー サッポロエスタチカテン,ドトールコーヒー 札幌エスタ地下店
ドトールコーヒーショップコクラアミュプラザテン,ドトールコーヒーショップ　小倉アミュプラザ店 
ドトールコーヒーショップトエイオオテマチテン,ドトールコーヒーショップ 都営大手町店 
ドトールコーヒーショップヨウコウダイテン,ドトールコーヒーショップ 洋光台店 
ドトールコーヒーショップヒガシナカノテン,ドトールコーヒーショップ 東中野店 
ドトールコーヒーショップハママツチョウイッチョウメテン,ドトールコーヒーショップ 浜松町1丁目店 
ドトールコーヒーショップタルミテン,ドトールコーヒーショップ 垂水店 
ドトールコーヒーショップニコモールニッタテン,ドトールコーヒーショップ ニコモール新田店 
ドトールコーヒーショップナガサキニシハマノマチテン,ドトールコーヒーショップ 長崎西浜町店 
ドトールコーヒーショップシンジュクミツイビルテン,ドトールコーヒーショップ 新宿三井ビル店 
ドトールコーヒーショップツルカワテン,ドトールコーヒーショップ鶴川店 
ドトールコーヒーショップムサシシンジョウテン,ドトールコーヒーショップ 武蔵新城店 
ドトールコーヒーショップオダワラエキヒガシグチテン,ドトールコーヒーショップ 小田原駅東口店 
ドトールコーヒーショップカンダオガワマチテン,ドトールコーヒーショップ 神田小川町店 
ドトールコーヒーショップソシガヤオオクラエキマエテン,ドトールコーヒーショップ 祖師ヶ谷大蔵駅店 
ドトールコーヒーショップエッソプリムローズアサカテン,DOUTORコーヒーショップ エッソプリムローズ朝霞店 
ドトールコーヒーショップヨヨギハチマンテン,ドトールコーヒーショップ 代々木八幡店 
ドトールコーヒーショップフクシマノダテン,ドトールコーヒーショップ 福島野田店 
ドトールコーヒーショップエッソミサトテン,ドトールコーヒーショップ エッソ三郷店 
ドトールコーヒーショップヒロサキイトーヨーカドーテン,ドトールコーヒーショップ 弘前イトーヨーカドー店 
ドトールコーヒーショップニンギョウチョウイッチョウメテン,ドトールコーヒーショップ 人形町1丁目店 
ドトールコーヒーショップキュウシュウロウサイビョウインテン,ドトールコーヒーショップ 九州労災病院店 
ドトールコーヒーショップメイテツヒャッカテン,ドトールコーヒーショップ 名鉄百貨店店 
ドトールコーヒーショップツキジセイロカドオリテン,DOUTOR コーヒーショップ 築地聖路加通り店 
ドトールコーヒーショップエッソクニミガオカテン,ドトールコーヒーショップ エッソ国見ヶ丘店 
ドトールコーヒーショップベルシャインイナテン,ドトールコーヒーショップ ベルシャイン伊那店 
ドトールコーヒーショップヒロサキエキビルテン,ドトールコーヒーショップ 弘前駅ビル店 
ドトールコーヒーショップテンマバシオーエムエムビルテン,ドトールコーヒーショップ 天満橋OMMビル店 
ドトールコーヒーショップアサヒカワコウセイビョウインテン,ドトールコーヒーショップ 旭川厚生病院店（GOURMET COFFEE DOUTOR） 
ドトールコーヒーシヨツプヒロシマホンドオリテン,ドトールコーヒーショップ 広島本通り東店 
ドトールコーヒーショップナカシベツテン,ドトールコーヒーショップ 中標津店 
ドトールコーヒーショップニシジンテン,ドトールコーヒーショップ西新店 
ドトールコーヒーショップテンジンバシニチョウメテン,DOUTORコーヒーショップ 天神橋2丁目店 
ドトールコーヒーショップケイキュウシンズシテン,ドトールコーヒーショップ 京急新逗子店 
ドトールコーヒーショップハナコガネイテン,ドトールコーヒーショップ 花小金井店 
ドトールコーヒーショップミズエテン,ドトールコーヒーショップ 瑞江店 
ドトールコーヒーショップナリタセキジュウジビョウインテン,ドトールコーヒーショップ 成田赤十字病院店 
ドトールコーヒーショップサクラシンマチテン,ドトールコーヒーショップ 桜新町店 
ドトールコーヒーショップキョウドウノウダイドウリテン,ドトールコーヒーショップ 経堂農大通り店 
ドトールコーヒーショップスナチョウギンザテン,DOUTOR コーヒーショップ 砂町銀座店 
ドトールコーヒーショップミナミイケブクロイッチョウメテン,ドトールコーヒーショップ 南池袋1丁目店 
ドトールコーヒーショップケイキュウシンバンバテン,ドトールコーヒーショップ 京急新馬場店 
ドトールコーヒーショップエッソチクマザワテン,ドトールコーヒーショップ エッソ竹間沢店 
ドトールコーヒーショップオオカワテン,ドトールコーヒーショップ 大川店 
ドトールコーヒーショップサッポロミナミイチジョウドオリテン,ドトールコーヒーショップ 札幌南一条通り店 
ドトールコーヒーショップハツダイキタグチテン,ドトールコーヒーショップ 初台北口店 
ドトールコーヒーショップガクゲイダイガクニシグチテン,ドトールコーヒーショップ 学芸大学西口店 
ドトールコーヒーショップテンジンエキテン,ドトールコーヒーショップ 天神駅店 
ドトールコーヒーショップイズミガオカエキテン,ドトールコーヒーショップ 泉ヶ丘駅店 
ドトールコーヒーショップアカサカゴチョウメテン,ドトールコーヒーショップ 赤坂5丁目店 
ドトールコーヒーショップタニマチニチョウメテン,ドトールコーヒーショップ 谷町2丁目店 
ドトールコーヒーショップシティワカヤマテン,ドトールコーヒーショップ シティワカヤマ店 
ドトールコーヒーショップシンジュクミナミグチテン,ドトールコーヒーショップ 新宿南口店 
ドトールコーヒーショップカンナイナカドオリテン,ドトールコーヒーショップ 関内仲通り店 
ドトールコーヒーショップアピタマットウテン,ドトールコーヒーショップ アピタ松任店 
ドトールコーヒーショップセンダイチュウオウドオリオオマチテン,ドトールコーヒーショップ 仙台中央通り大町店 
ドトールコーヒーショップスマパティオテン,ドトールコーヒーショップ 須磨パティオ店 
ドトールコーヒーショップシバウラサンチョウメテン,ドトールコーヒーショップ芝浦3丁目店 
ドトールコーヒーショップエッソフジノミヤバイパステン,ドトールコーヒーショップ エッソ富士宮バイパス店 
ドトールコーヒーショップニシコウベイリョウセンターテン,ドトールコーヒーショップ 西神戸医療センター店 
ドトールコーヒーショップヨウガテン,ドトールコーヒーショップ 用賀店 
ドトールコーヒーショップトゴシギンザテン,ドトールコーヒーショップ 戸越銀座店 
ドトールコーヒーショップジェイアールヒロシマエキシンカンセングチテン,ドトールコーヒーショップ JR広島駅新幹線口店 
ドトールコーヒーショップヒガシクルメニシグチテン,ドトールコーヒーショップ 東久留米西口店 
ドトールコーヒーショップエッソオワリアサヒテン,ドトールコーヒーショップ エッソ尾張旭店 
ドトールコーヒーショップナゴヤヒロコウジミソノテン,DOUTOR コーヒーショップ 名古屋広小路御園店 
ドトールコーヒーショップブンエンドウトヤマトヨタテン,ドトールコーヒーショップ 文苑堂富山豊田店 
ドトールコーヒーショップカントウロウサイビョインテン,ドトールコーヒーショップ 関東労災病院店 
ドトールコーヒーショップイチガヤプラザテン,ドトールコーヒーショップ 市ヶ谷プラザ店 
ドトールコーヒーショップマツヤマミナトマチテン,ドトールコーヒーショップ 松山湊町店 
ドトールコーヒーショップイオンモールオオタテン,ドトールコーヒーショップ イオンモール太田店 
ドトールコーヒーショップソウテツサガミノエキマエテン,ドトールコーヒーショップ 相鉄さがみ野駅前店 
ドトールコーヒーショップアリオソガテン,ドトールコーヒーショップ アリオ蘇我店 
ドトールコーヒーショップコマゴメヒガシグチテン,ドトールコーヒーショップ 駒込東口店 
ドトールコーヒーショップジンボウチョウサンチョウメテン,DOUTOR コーヒーショップ 神保町3丁目店 
ドトールコーヒーショップトウブアサクサチカコンコーステン,ドトールコーヒーショップ 東武浅草地下コンコース店 
ドトールコーヒーショップソウテツヤマトテン,ドトールコーヒーショップ 相鉄大和店 
ドトールコーヒーショップフッサエキヒガシグチテン,DOUTOR コーヒーショップ 福生駅東口店 
ドトールコーヒーショップオオクボテン,ドトールコーヒーショップ 大久保店 
ドトールコーヒーショップヒロシマホンドオリヒガシテン,ドトールコーヒーショップ 広島本通り店 
ドトールコーヒーショップキタノエキマエテン,ドトールコーヒーショップ 北野駅前店 
ドトールコーヒーショップエッソサガミハラキタテン,ドトールコーヒーショップ エッソ相模原北店 
ドトールコーヒーショップアミュプラザカゴシマテン,ドトールコーヒーショップ アミュプラザ鹿児島店 
ドトールコーヒーショップオギクボエキマエテン,ドトールコーヒーショップ 荻窪駅前店 
ドトールコーヒーショップエイチエーティーコウベテン,ドトールコーヒーショップ HAT神戸店 
ドトールコーヒーショップヤメテン,ドトールコーヒーショップ 八女店 
ドトールコーヒーショップイオンモールニイハマテン,ドトールコーヒーショップ イオンモール新居浜店 
ドトールコーヒーショップシンユリガオカテン,ドトールコーヒーショップ 新百合ヶ丘店 
ドトールコーヒーショップカワサキアゼリアテン,ドトールコーヒーショップ 川崎アゼリア店 
ドトールコーヒーショップムサシナカハラテン,ドトールコーヒーショップ 武蔵中原店 
ドトールコーヒーショップメイテツギフテン,ドトールコーヒーショップ 名鉄岐阜店 
ドトールコーヒーショップアゲオショッピングアベニューテン,DOUTOR コーヒーショップ 上尾ショッピングアベニュー店 
ドトールコーヒーショップミナトミライミツビシジュウコウビルテン,ドトールコーヒーショップ みなとみらい三菱重工ビル店 
ドトールコーヒーショップヒタチナカファッションクルーズテン,ドトールコーヒーショップ ひたちなかファッションクルーズ店 
ドトールコーヒーショップアザミノニシグチテン,ドトールコーヒーショップ あざみ野西口店 
ドトールコーヒーショップトウブアサクサキタグチテン,ドトールコーヒーショップ 東武浅草北口店 
ドトールコーヒーショップコオリヤマフェスタテン,ドトールコーヒーショップ 郡山フェスタ店 
ドトールコーヒーショップシンジュクアイランドテン,ドトールコーヒーショップ 新宿アイランド店 
ドトールコーヒーショップヨコスカオオタキチヨウテン,ドトールコーヒーショップ 横須賀大滝町店 
ドトールコーヒーショップエッソハダノナカイインターチェンジテン,ドトールコーヒーショップ エッソ秦野中井インターチェンジ店 
ドトールコーヒーショップオギクボキタグチオオドオリテン,ドトールコーヒーショップ 荻窪北口大通り店 
ドトールコーヒーショップフナバシキタグチテン,ドトールコーヒーショップ 船橋北口店 
ドトールコーヒーショップセンダイクリスロードテン,ドトールコーヒーショップ 仙台クリスロード店 
ドトールコーヒーショップメイエキメイシンケンビルテン,DOUTOR コーヒーショップ 名駅名進研ビル店 
ドトールコーヒーショップカミヤチョウテン,DOUTOR コーヒーショップ 神谷町店 
ドトールコーヒーショップナゴヤミヤコチカガイテン,DOUTOR コーヒーショップ 名古屋ミヤコ地下街店 
ドトールコーヒーショップキヤマパーキングエリアクダリテン,ドトールコーヒーショップ 基山パーキングエリア下り店 
ドトールコーヒーショップイオンモールフソウテン,ドトールコーヒーショップ イオンモール扶桑店 
ドトールコーヒーショップタカオエキマエテン,ドトールコーヒーショップ高尾駅前店 
ドトールコーヒーショップトウゴウパーキングエリアノボリテン,ドトールコーヒーショップ 東郷パーキングエリア上り店 
ドトールコーヒーショップフジガオカテン,ドトールコーヒーショップ 藤が丘店 
ドトールコーヒーショップオカヤマオモテチョウニチョウメテン,ドトールコーヒーショップ 岡山表町2丁目店 
ドトールコーヒーショップハネダクウコウテン,ドトールコーヒーショップ 羽田空港店 
ドトールコーヒーショップサンゲンジャヤキャロットタワーテン,ドトールコーヒーショップ 三軒茶屋キャロットタワー店 
ドトールコーヒーショップイズミヤヤオテン,ドトールコーヒーショップ イズミヤ八尾店 
ドトールコーヒーショップアヅチマチテン,ドトールコーヒーショップ 安土町店 
ドトールコーヒーショップケーズタウンワカサトテン,ドトールコーヒーショップ ケーズタウン若里店 
ドトールコーヒーショップオオサカエキマエダイイチビルテン,ドトールコーヒーショップ 大阪駅前第一ビル店 
ドトールコーヒーショップフクシマヒガシグチテン,ドトールコーヒーショップ 福島東口店 
ドトールコーヒーショップカワゴエニシグチテン,DOUTORコーヒーショップ 川越西口店 
ドトールコーヒーショップオオサカキョウバシテン,ドトールコーヒーショップ 大阪京橋店 
ドトールコーヒーショップネギシテン,ドトールコーヒーショップ 根岸店 
ドトールコーヒーショップナカメグロテン,ドトールコーヒーショップ 中目黒店 
ドトールコーヒーショッププラントサカイミナトテン,ドトールコーヒーショップ PLANT境港店 
ドトールコーヒーショップエドガワバシシンメジロドオリテン,ドトールコーヒーショップ 江戸川橋新目白通り店 
ドトールコーヒーショップシムラサカウエテン,ドトールコーヒーショップ 志村坂上店 
ドトールコーヒーショップマツナミソウゴウビョウインテン,ドトールコーヒーショップ 松波総合病院店 
ドトールコーヒーショップクダンテン,ドトールコーヒーショップ 九段店 
ドトールコーヒーショップエッソナセチョウテン,ドトールコーヒーショップ エッソ名瀬町店 
ドトールコーヒーショップシンバシサンチョウメテン,ドトールコーヒーショップ新橋3丁目店 
ドトールコーヒーショップジェイアールスミノドウエキマエテン,ドトールコーヒーショップ JR住道駅前店 
ドトールコーヒーショップオンタケサンテン,ドトールコーヒーショップ 御嶽山店 
ドトールコーヒーショップエッソトクリキテン,ドトールコーヒーショップ エッソ徳力店 
ドトールコーヒーショップシュロアモールチクシノテン,ドトールコーヒーショップ シュロアモール筑紫野店 
ドトールコーヒーショップサカイシソウゴウイリョウセンターテン,ドトールコーヒーショップ 堺市立総合医療センター店 
ドトールコーヒーショップセイブシンジュクキタグチテン,ドトールコーヒーショップ 西武新宿北口店 
ドトールコーヒーショップナゴヤシリツトウブイリョウセンターテン,ドトールコーヒーショップ 名古屋市立東部医療センター店 
ドトールコーヒーショップミナミカシワテン,ドトールコーヒーショップ 南柏店 
ドトールコーヒーショップマクハリテクノガーデンテン,ドトールコーヒーショップ 幕張テクノガーデン店 
ドトールコーヒーショップエッソウシクテン,ドトールコーヒーショップ エッソ牛久店 
ドトールコーヒーショップフシミモモヤマエキマエテン,ドトールコーヒーショップ 伏見桃山駅前店 
ドトールコーヒーショップトエイゴタンダテン,ドトールコーヒーショップ 都営五反田店 
ドトールコーヒーショップミナトミライエキテン,ドトールコーヒーショップ みなとみらい駅店 
ドトールコーヒーショップチガサキミナミグチテン,ドトールコーヒーショップ 茅ヶ崎南口店 
ドトールコーヒーショップエッソテンノウチョウテン,ドトールコーヒーショップ エッソ天王町店 
ドトールコーヒーショップハムラテン,ドトールコーヒーショップ 羽村店 
ドトールコーヒーショップアトレシンウラヤステン,ドトールコーヒーショップ アトレ新浦安店 
ドトールコーヒーショップヒロシマカミヤチョウテン,ドトールコーヒーショップ 広島紙屋町店 
ドトールコーヒーショップテンジンソラリアテン,ドトールコーヒーショップ 天神ソラリア店 
ドトールコーヒーショップテイキョウダイガクチバソウゴイリョウセンターテン,ドトールコーヒーショップ 帝京大学ちば総合医療センター店 
ドトールコーヒーショップイオンモールクマモトテン,ドトールコーヒーショップ イオンモール熊本店 
ドトールコーヒーショップジンボウチョウニチョウメテン,ドトールコーヒーショップ 神保町2丁目店 
ドトールコーヒーショップエッソカスガコウエンテン,ドトールコーヒーショップ エッソ春日公園店 
ドトールコーヒーショップオキナワイオングシカワテン,ドトールコーヒーショップ 沖縄イオン具志川店 
ドトールコーヒーショップトクヤマチュウオウビョウインテン,ドトールコーヒーショップ 徳山中央病院店 
ドトールコーヒーショップキタシンサイバシテン,ドトールコーヒーショップ 北心斎橋店 
ドトールコーヒーショップニシシンバシサンチョウメテン,ドトールコーヒーショップ 西新橋3丁目店 
ドトールコーヒーショップオオイタチュウオウショウテンガイテン,ドトールコーヒーショップ 大分中央商店街店 
ドトールコーヒーショップチョウフミナミグチテン,DOUTOR COFFEE SHOP 調布南口店 
ドトールコーヒーショップキンテツハリナカノエキマエテン,ドトールコーヒーショップ 近鉄針中野駅前店 
ドトールコーヒーショップジェイアールカコガワエキテン,ドトールコーヒーショップ JR加古川駅店 
ドトールコーヒーショップニシシンジュクオウメカイドウテン,ドトールコーヒーショップ 西新宿青梅街道店 
ドトールコーヒーショップオオクラヤマテン,ドトールコーヒーショップ 大倉山店 
ドトールコーヒーショップシントコロザワニシグチテン,DOUTORコーヒーショップ 新所沢西口店 
ドトールコーヒーショップグミョウジテン,ドトールコーヒーショップ 弘明寺店 
ドトールコーヒーショップエッソカシバインターチェンジテン,ドトールコーヒーショップ エッソ香芝インターチェンジ店 
ドトールコーヒーショップディアモールテン,ドトールコーヒーショップ ディアモール店 
ドトールコーヒーショップヨコハマツルヤチョウテン,ドトールコーヒーショップ 横浜鶴屋町店 
ドトールコーヒーショップニイガタバンダイシティテン,ドトールコーヒーショップ 新潟万代シティ店 
ドトールコーヒーショップナゴヤセントラルビョウインテン,ドトールコーヒーショップ 名古屋セントラル病院店 
ドトールコーヒーショップアルプラザツルミテン,ドトールコーヒーショップ アル プラザ鶴見店 
ドトールコーヒーショップシンコウエンジテン,ドトールコーヒーショップ 新高円寺店 
ドトールコーヒーショップザモールシュウナンテン,ドトールコーヒーショップ ザ モール周南店 
ドトールコーヒーショップイオンモールモリオカテン,ドトールコーヒーショップ イオンモール盛岡店 
ドトールコーヒーショップホンゴウダイテン,ドトールコーヒーショップ 本郷台店 
ドトールコーヒーショップシンジュクサンチョウメヒガシテン,ドトールコーヒーショップ 新宿3丁目東店 
ドトールコーヒーショップキンテツカシハラジングウマエエキテン,ドトールコーヒーショップ 近鉄橿原神宮前駅店 
ドトールコーヒーショップハンキュウトンダテン,ドトールコーヒーショップ 阪急富田店 
ドトールコーヒーショップミドウスジテン,ドトールコーヒーショップ 御堂筋店 
ドトールコーヒーシヨツプユーカリテン,ドトールコーヒーショップ エッソユーカリ店 
ドトールコーヒーショップサッポロタヌキコウジテン,ドトールコーヒーショップ 札幌狸小路店 
ドトールコーヒーショップジェイアールヌマヅエキテン,ドトールコーヒーショップ JR沼津駅店 
ドトールコーヒーショップクルメダイガクビョウインテン,ドトールコーヒーショップ 久留米大学病院店 
ドトールコーヒーショップハチノヘエキテン,ドトールコーヒーショップ 八戸駅店 
ドトールコーヒーショップコウフオカジマテン,ドトールコーヒーショップ 甲府岡島店 
ドトールコーヒーショップケイセイアオトテン,ドトールコーヒーショップ 京成青砥店 
ドトールコーヒーショップイトーヨーカドヒキフネテン,ドトールコーヒーショップ イトーヨーカドー曳舟店 
ドトールコーヒーショップエビナビナウォークテン,ドトールコーヒーショップ 海老名ビナウォーク店 
ドトールコーヒーショップタメイケサンノウテン,ドトールコーヒーショップ 溜池山王店 
ドトールコーヒーショップヨコハマエキテン,ドトールコーヒーショップ 横浜駅店 
ドトールコーヒーショップエッソハマノインターテン,ドトールコーヒーショップ エッソ浜野インター店 
ドトールコーヒーショップサンライズカマタテン,ドトールコーヒーショップ サンライズ蒲田店 
ドトールコーヒーショップカラフルタウンギフテン,ドトールコーヒーショップ カラフルタウン岐阜店 
ドトールコーヒーショップミナミアオヤマテン,ドトールコーヒーショップ 南青山店 
ドトールコーヒーショップシブヤイッチョウメテン,ドトールコーヒーショップ 渋谷1丁目店 
ドトールコーヒーショップアカサカイッチョウメテン,ドトールコーヒーショップ 赤坂1丁目店 
ドトールコーヒーショップサッポロオオドオリエキテン,ドトールコーヒーショップ 札幌大通駅店 
ドトールコーヒーショップヤチヨダイテン,ドトールコーヒーショップ 八千代台店 
ドトールコーヒーショップセンダイナガマチタイハックルテン,ドトールコーヒーショップ 仙台長町たいはっくる店 
ドトールコーヒーショップエッソカシワノハテン,ドトールコーヒーショップ エッソ柏の葉店 
ドトールコーヒーショップツキジニチョウメテン,ドトールコーヒーショップ 築地2丁目店 
ドトールコーヒーショップアシカガセキジュウジビョウインテン,ドトールコーヒーショップ 足利赤十字病院店 
ドトールコーヒーショップジョイフルホンダサッテテン,ドトールコーヒーショップ ジョイフル本田幸手店 
ドトールコーヒーショップハタノダイナカハラカイドウテン,ドトールコーヒーショップ 旗の台中原街道店 
ドトールコーヒーショップフナバシエキミナミグチテン,ドトールコーヒーショップ 船橋駅南口店 
ドトールコーヒーショップティアラニジュウイチクマガヤテン,DOUTORコーヒーショップ ティアラ21熊谷店 
ドトールコーヒーショップナリタクウコウダイイチターミナルビルテン,ドトールコーヒーショップ 成田空港第1ターミナルビル店 
ドトールコーヒーショップコオリヤマエキテン,ドトールコーヒーショップ 郡山駅店 
ドトールコーヒーショップセイマリアビョウインテン,ドトールコーヒーショップ 聖マリア病院店 
ドトールコーヒーショップカスミガセキダイゴゴウカンテン,ドトールコーヒーショップ 霞が関第5号館店 
ドトールコーヒーショップエッソダイニハンワカンクウタカマツテン,ドトールコーヒーショップ エッソ第二阪和関空高松店 
ドトールコーヒーショップカンダスルガダイテン,ドトールコーヒーショップ 神田駿河台店 
ドトールコーヒーショップメイエキヒロコウジテン,DOUTOR コーヒーショップ 名駅広小路店 
ドトールコーヒーショップエッソトウスイバシテン,ドトールコーヒーショップ エッソ刀水橋店 
ドトールコーヒーショップアケボノバシテン,ドトールコーヒーショップ 曙橋店 
ドトールコーヒーショップコウチオビヤマチイッチョウメテン,ドトールコーヒーショップ 高知帯屋町1丁目店 
ドトールコーヒーショップミタサンチョウメテン,ドトールコーヒーショップ 三田3丁目店 
ドトールコーヒーショップサンケンヂャヤニチョウメテン,ドトールコーヒーショップ 三軒茶屋2丁目店 
ドトールコーヒーショップアカサカニチョウメテン,ドトールコーヒーショップ 赤坂2丁目店 
ドトールコーヒーショップキタウラワニシグチテン,ドトールコーヒーショップ 北浦和西口店 
ドトールコーヒーショップシブヤジンナンイッチョウメテン,ドトールコーヒーショップ渋谷神南1丁目店 
ドトールコーヒーショップツエキチャムテン,ドトールコーヒーショップ 津駅チャム店 
ドトールコーヒーショップミタカキタグチテン,ドトールコーヒーショップ三鷹北口店 
ドトールコーヒーショップエッソイルマニュータウンテン,ドトールコーヒーショップ エッソ入間ニュータウン店 
ドトールコーヒーショップイナダヅツミテン,ドトールコーヒーショップ 稲田堤店 
ドトールコーヒーショップサクラテン,ドトールコーヒーショップ さくら店 
ドトールコーヒーショップエッソワカヤマオカザキテン,ドトールコーヒーショップ エッソ和歌山岡崎店 
ドトールコーヒーショップジョイフルホンダチバニュータウンテン,ドトールコーヒーショップ ジョイフル本田千葉ニュータウン店 
ドトールコーヒーショップシブヤサンチョウメキタテン,ドトールコーヒーショップ 渋谷3丁目北店 
ドトールコーヒーショップトヤマエスタテン,ドトールコーヒーショップ 富山エスタ店 
ドトールコーヒーショップヨツヤイッチョウメミナミテン,ドトールコーヒーショップ 四谷1丁目南店 
ドトールコーヒーショップハクラクテン,ドトールコーヒーショップ 白楽店 
ドトールコーヒーショップニシテツオオハシエキテン,ドトールコーヒーショップ 西鉄大橋駅店 
ドトールコーヒーショップエビスヒガシテン,ドトールコーヒーショップ 恵比寿東店 
ドトールコーヒーショップアッセヒロシマエキテン,ドトールコーヒーショップ ASSE広島駅店 
ドトールコーヒーショップメイテツオオゾネテン,DOUTOR コーヒーショップ 名鉄大曽根店 
ドトールコーヒーショップシンスギタテン,ドトールコーヒーショップ 新杉田店 
ドトールコーヒーショップナラコトモールテン,ドトールコーヒーショップ 奈良コトモール店 
ドトールコーヒーショップアカサカヨンチョウメテン,ドトールコーヒーショップ 赤坂4丁目店 
ドトールコーヒーショップハンキュウショウナイテン,ドトールコーヒーショップ 阪急庄内店 
ドトールコーヒーショップエッソヌマタテン,ドトールコーヒーショップ エッソ沼田店 
ドトールコーヒーショップイリヤエキマエテン,ドトールコーヒーショップ 入谷駅前店 
ドトールコーヒーショップエッソシンオオミヤテン,ドトールコーヒーショップ エッソ新大宮店 
ドトールコーヒーショップギンザヤナギドオリテン,ドトールコーヒーショップ 銀座柳通り店 
ドトールコーヒーショップヨヨギパーキングエリアテン,ドトールコーヒーショップ 代々木パーキングエリア店 
ドトールコーヒーショップジユウガオカテン,ドトールコーヒーショップ 自由ヶ丘店 
ドトールコーヒーショップイイダバシラムラテン,ドトールコーヒーショップ 飯田橋ラムラ店 
ドトールコーヒーショップオオタニパーキングエリアクダリテン,ドトールコーヒーショップ 大谷パーキングエリア下り店 
ドトールコーヒーショップトラノモンニチョウメテン,ドトールコーヒーショップ 虎ノ門2丁目店 
ドトールコーヒーショップサギヌマテン,DOUTORコーヒーショップ 鷺沼店 
ドトールコーヒーショップカンナイオオドオリテン,ドトールコーヒーショップ 関内大通り店 
ドトールコーヒーショップエッソコクブンジダイテン,ドトールコーヒーショップ エッソ国分寺台店 
ドトールコーヒーショップトウブドウブツコウエンヒガシグチテン,ドトールコーヒーショップ 東武動物公園東口店 
ドトールコーヒーショップアイモールミヨシテン,ドトールコーヒーショップ アイモール三好店 
ドトールコーヒーショップスカイプラザカシワテン,ドトールコーヒーショップ スカイプラザ柏店 
ドトールコーヒーショップヤマシタチョウテン,ドトールコーヒーショップ 山下町店 
ドトールコーヒーショップコウベダイガクビョウインテン,ドトールコーヒーショップ 神戸大学病院店 
ドトールコーヒーショップトウブキタセンジュエキテン,ドトールコーヒーショップ 東武北千住駅店 
ドトールコーヒーショップチカテツヨドヤバシエキテン,ドトールコーヒーショップ 地下鉄淀屋橋駅店 
ドトールコーヒーショップミョウデンエキマエテン,ドトールコーヒーショップ 妙典駅前店 
ドトールコーヒーショップフクオカシンテンチョウテン,ドトールコーヒーショップ 福岡新天町店 
ドトールコーヒーショップエッソヒシノウエストテン,ドトールコーヒーショップ エッソ菱野ウエスト店 
ドトールコーヒーショップタチバイトーヨーカドーテン,ドトールコーヒーショップ 立場イトーヨーカドー店 
ドトールコーヒーショップキクナエキマエテン,ドトールコーヒーショップ 菊名駅前店 
ドトールコーヒーショップエッソチヨダニュータウンテン,ドトールコーヒーショップ エッソ千代田ニュータウン店 
ドトールコーヒーショップエッソショウナンダイテン,ドトールコーヒーショップ エッソ湘南台店 
ドトールコーヒーショップエッソイワキチュウオウインターチェンジテン,ドトールコーヒーショップ エッソいわき中央インターチェンジ店 
ドトールコーヒーショップカナザワブンコテン,ドトールコーヒーショップ 金沢文庫店 
ドトールコーヒーショップシンサイバシプラザビルテン,ドトールコーヒーショップ 心斎橋プラザビル店 
ドトールコーヒーショップヒメジミユキドオリテン,ドトールコーヒーショップ 姫路みゆき通り店 
ドトールコーヒーショップエッソミヨシセントラルテン,ドトールコーヒーショップ エッソ三好セントラル店 
ドトールコーヒーショップニホンバシハマチョウテン,ドトールコーヒーショップ日本橋浜町店 
ドトールコーヒーショップフレンテササヅカテン,ドトールコーヒーショップ フレンテ笹塚店 
ドトールコーヒーショップチカテツハカタエキハカタグチテン,ドトールコーヒーショップ 地下鉄博多駅博多口店 
ドトールコーヒーショップナゴヤサカエチカテン,ドトールコーヒーショップ 名古屋サカエチカ店 
ドトールコーヒーショップキタセンジユヒガシグチテン,ドトールコーヒーショップ 北千住東口店 
ドトールコーヒーショップキンテツガクエンマエテン,ドトールコーヒーショップ 近鉄学園前店 
ドトールコーヒーショップイオンモールカガミハラテン,ドトールコーヒーショップ イオンモール各務原店 
ドトールコーヒーショップホンゴウサンチョウメテン,ドトールコーヒーショップ 本郷三丁目店 
ドトールコーヒーショップヒガシウメダテン,ドトールコーヒーショップ 東梅田店 
ドトールコーヒーショップコマゴメミナミグチテン,ドトールコーヒーショップ 駒込南口店 
ドトールコーヒーショップネリマエキテン,ドトールコーヒーショップ 練馬駅店 
ドトールコーヒーショップフレスポヒガシオオサカテン,ドトールコーヒーショップ フレスポ東大阪店 
ドトールコーヒーショップタマガワガクエンテン,ドトールコーヒーショップ 玉川学園店 
ドトールコーヒーショップキンキダイガクイガクブフゾクビョウインテン,ドトールコーヒーショップ 近畿大学医学部附属病院店 
ドトールコーヒーショップジェイアールコウベテン,ドトールコーヒーショップ JR神戸店 
ドトールコーヒーショップシモアカツカテン,ドトールコーヒーショップ 下赤塚店 
ドトールコーヒーショップイイダバシフジミテン,ドトールコーヒーショップ 飯田橋富士見店 
ドトールコーヒーショップカンダヒガシグチテン,ドトールコーヒーショップ 神田東口店 
ドトールコーヒーショップヒガシリンカンテン,ドトールコーヒーショップ 東林間店 
ドトールコーヒーショップエッソナガレヤマテン,ドトールコーヒーショップ エッソ流山店 
ドトールコーヒーショップギンザニチョウメテン,DOUTORコーヒーショップ 銀座2丁目店 
ドトールコーヒーショップアオモリエキテン,ドトールコーヒーショップ 青森駅店 
ドトールコーヒーショップハラジュクテン,ドトールコーヒーショップ 原宿店 
ドトールコーヒーショップナリタクウコウダイニターミナルビルテン,ドトールコーヒーショップ 成田空港第2ターミナルビル店 
ドトールコーヒーショップフドウマエテン,ドトールコーヒーショップ 不動前店 
ドトールコーヒーショップイケシタテン,ドトールコーヒーショップ 池下店 
ドトールコーヒーショップカマタニシグチテン,ドトールコーヒーショップ 蒲田西口店 
ドトールコーヒーショップトンヤマチテン,ドトールコーヒーショップ問屋町店 
ドトールコーヒーショップシンジュクイッチョウメミナミテン,ドトールコーヒーショップ 新宿1丁目南店 
ドトールコーヒーショップトリツソウゴウイリョウセンターテン,ドトールコーヒーショップ 都立総合医療センター店 
ドトールコーヒーショップヒバリガオカミナミグチテン,ドトールコーヒーショップひばりヶ丘南口店 
ドトールコーヒーショップヒライキタグチテン,ドトールコーヒーショップ 平井北口店 
ドトールコーヒーショップソウテツホシカワテン,ドトールコーヒーショップ 相鉄星川店 
ドトールコーヒーショップトウブシンコシガヤエキテン,ドトールコーヒーショップ 東武新越谷駅店 
ドトールコーヒーショップマツドヒガシグチテン,ドトールコーヒーショップ 松戸東口店 
ドトールコーヒーショップアートヴィレッジオオサキセントラルタワーテン,ドトールコーヒーショップ アートヴィレッジ大崎セントラルタワー店 
ドトールコーヒーショップナラケンリツイカダイガクフゾクビョウインテン,ドトールコーヒーショップ 奈良県立医科大学附属病院店 
ドトールコーヒーショップイシカワチョウテン,ドトールコーヒーショップ 石川町店 
ドトールコーヒーショップナリマスニチョウメテン,ドトールコーヒーショップ 成増2丁目店 
ドトールコーヒーショップシンジュクブンカセンタードオリテン,ドトールコーヒーショップ 新宿文化センター通り店 
ドトールコーヒーショップニシカサイミナミグチテン,ドトールコーヒーショップ 西葛西南口店 
ドトールコーヒーショップコブチエキマエテン,ドトールコーヒーショップ 古淵駅前店 
ドトールコーヒーショップニシコクブンジテン,ドトールコーヒーショップ西国分寺店 
ドトールコーヒーショップセンダガヤイッチョウメテン,ドトールコーヒーショップ 千駄ヶ谷1丁目店 
ドトールコーヒーショップシンサヤマテン,ドトールコーヒーショップ 新狭山店 
ドトールコーヒーショップシンジュクニチョウメテン,ドトールコーヒーショップ 新宿2丁目店 
ドトールコーヒーショップアサガヤミナミグチテン,ドトールコーヒーショップ 阿佐ヶ谷南口店 
ドトールコーヒーショップカワグチヒガシグチテン,DOUTORコーヒーショップ 川口東口店 
ドトールコーヒーショップカワサキイカダイガクフゾクビョウインテン,ドトールコーヒーショップ 川崎医科大学附属病院店 
ドトールコーヒーショップトコロザワテン,DOUTORコーヒーショップ 所沢店 
ドトールコーヒーショップモービルハママツカミジマテン,ドトールコーヒーショップ モービル浜松上島店 
ドトールコーヒーショップビーンズシンスギタテン,ドトールコーヒーショップ ビーンズ新杉田店 
ドトールコーヒーショップイチノミヤニシビョウインテン,ドトールコーヒーショップ 一宮西病院店 
ドトールコーヒーショップコーチャンフォーキタミテン,ドトールコーヒーショップ コーチャンフォー北見店 
ドトールコーヒーショップキヨウトダイガクビヨウインテン,ドトールコーヒーショップ 京都大学病院店 
ドトールコーヒーショップミヤコウシティテン,ドトールコーヒーショップ 宮交シティ店 
ドトールコーヒーショップタカマツマルガメチョウテン,ドトールコーヒーショップ 高松丸亀町店 
ドトールコーヒーショップコウジマチテン,ドトールコーヒーショップ麹町店 
ドトールコーヒーショップナカノジマテン,ドトールコーヒーショップ 中野島店 
ドトールコーヒーショップチカテツハカタエキチクシグチテン,ドトールコーヒーショップ 地下鉄博多駅筑紫口店 
ドトールコーヒーショップイシノマキナカザトテン,ドトールコーヒーショップ 石巻中里店 
ドトールコーヒーショップギンザヨンチョウメテン,ドトールコーヒーショップ 銀座4丁目店 
ドトールコーヒーショップシンアオヤマビルテン,ドトールコーヒーショップ 新青山ビル店 
ドトールコーヒーショップエッソヒガシコガワテン,ドトールコーヒーショップ エッソ東小川店 
ドトールコーヒーショップニイザテン,DOUTORコーヒーショップ 新座店 
ドトールコーヒーショップトウキョウイカダイガクイバラキイリョウセンターテン,ドトールコーヒーショップ 東京医科大学茨城医療センター店 
ドトールコーヒーショップカンナイヤマシタチョウテン,ドトールコーヒーショップ 関内山下町店 
ドトールコーヒーショップオオスバンショウジドオリテン,DOUTOR コーヒーショップ 大須万松寺通店 
ドトールコーヒーショップシンオオツカエキマエテン,ドトールコーヒーショップ 新大塚駅前店 
ドトールコーヒーショップゴイエキニシグチテン,ドトールコーヒーショップ 五井駅西口店 
ドトールコーヒーショップミヤザキダイガクイガクブフゾクビョウインテン,ドトールコーヒーショップ 宮崎大学医学部附属病院店 
ドトールコーヒーショップフチュウフォーリステン,DOUTOR コーヒーショップ 府中フォーリス店 
ドトールコーヒーシヨツプイワキエキビルテン,ドトールコーヒーショップ いわき駅ビル店 
ドトールコーヒーショップコダニサービスエリアクダリテン,ドトールコーヒーショップ 小谷サービスエリア下り店 
ドトールコーヒーショップムカイガワラテン,ドトールコーヒーショップ 向河原店 
ドトールコーヒーショップサイタマオオイイトーヨーカドーテン,ドトールコーヒーショップ 埼玉大井イトーヨーカドー店 
ドトールコーヒーショップコウベサンチカテン,ドトールコーヒーショップ 神戸さんちか店 
ドトールコーヒーショップエッソムラヤマダンチテン,ドトールコーヒーショップ エッソ村山団地店 
ドトールコーヒーショップエッソスソノテン,ドトールコーヒーショップ エッソ裾野店 
ドトールコーヒーショップジンボウチョウスズランドオリテン,ドトールコーヒーショップ 神保町すずらん通り店 
ドトールコーヒーショップコウジマチニチョウメテン,ドトールコーヒーショップ 麹町2丁目店 
ドトールコーヒーショップシンウラヤスモナテン,ドトールコーヒーショップ 新浦安モナ店 
ドトールコーヒーショップテンロクテン,ドトールコーヒーショップ 天六店 
ドトールコーヒーショップサガダイガクイガクブフゾクビョウインテン,ドトールコーヒーショップ 佐賀大学医学部附属病院店 
ドトールコーヒーショップシャクジイコウエンエキマエテン,ドトールコーヒーショップ 石神井公園駅前店 
ドトールコーヒーショップイイダバシヒガシグチテン,ドトールコーヒーショップ 飯田橋東口店 
ドトールコーヒーショップトウダイビョウインテン,ドトールコーヒーショップ 東大病院店 
ドトールコーヒーショップエッソシマテン,ドトールコーヒーショップ エッソ嶋店 
ドトールコーヒーショップニシシンジュクサンチョウメテン,ドトールコーヒーショップ 西新宿3丁目店 
ドトールコーヒーショップナゴヤサカエテン,ドトールコーヒーショップ 名古屋栄店 
ドトールコーヒーショップアオモリシンマチドオリテン,ドトールコーヒーショップ 青森新町通り店 
ドトールコーヒーショップニホンバシニチョウメニシテン,ドトールコーヒーショップ 日本橋2丁目西店 
ドトールコーヒーショップトヨタテン,ドトールコーヒーショップ 豊田店 
ドトールコーヒーショップエッソノダテン,ドトールコーヒーショップ エッソ野田店 
ドトールコーヒーショップジェーアールナンバエキマエテン,ドトールコーヒーショップ JR難波駅前店 
ドトールコーヒーショップメジロエキマエテン,DOUTOR コーヒーショップ 目白駅前店 
ドトールコーヒーショップゴショガワラカナギテン,ドトールコーヒーショップ 五所川原金木店 
ドトールコーヒーショップマチダサイワイチョウドオリテン,ドトールコーヒーショップ町田幸町通り店 
ドトールコーヒーショップタチカワミナミグチエキマエテン,ドトールコーヒーショップ立川南口駅前店 
ドトールコーヒーショップニッポリエキマエテン,ドトールコーヒーショップ日暮里駅前店 
ドトールコーヒーショップエッソハナゾノインターテン,ドトールコーヒーショップ エッソ花園インター店 
ドトールコーヒーショップキヨウトイリヨウセンターテン,ドトールコーヒーショップ 京都医療センター店 
ドトールコーヒーショップコデンマチョウテン,ドトールコーヒーショップ 小伝馬町店 
ドトールコーヒーショップツクノイトーヨーカドーテン,ドトールコーヒーショップ 津久野イトーヨーカドー店 
ドトールコーヒーショップカンダチュウオウドオリテン,ドトールコーヒーショップ 神田中央通り店 
ドトールコーヒーショップタケノヅカテン,ドトールコーヒーショップ 竹の塚店 
ドトールコーヒーショップヌマヅラクーンテン,ドトールコーヒーショップ 沼津ラクーン店 
ドトールコーヒーショップセンダイエキテン,ドトールコーヒーショップ 仙台駅店 
ドトールコーヒーショップキタウラワヒガチグチテン,ドトールコーヒーショップ 北浦和東口店 
ドトールコーヒーショップシンキバメトロピアテン,ドトールコーヒーショップ 新木場メトロピア店 
ドトールコーヒーショップトドロキテン,ドトールコーヒーショップ 等々力店 
ドトールコーヒーショップキョウトシジョウドオリキタテン,ドトールコーヒーショップ 京都四条通り北店 
ドトールコーヒーショップエッソアールロクカベヤテン,ドトールコーヒーショップ エッソR6神谷店 
ドトールコーヒーショップカワラマチテン,ドトールコーヒーショップ 瓦町店 
ドトールコーヒーショップエッソトコロザワインターテン,ドトールコーヒーショップ エッソ所沢インター店 
ドトールコーヒーショップエッソロッカクバシテン,ドトールコーヒーショップ エッソ六角橋店 
ドトールコーヒーショップツクバアッセテン,ドトールコーヒーショップ つくばアッセ店 
ドトールコーヒーショップホンゴウサンチョウメヒガシテン,ドトールコーヒーショップ 本郷三丁目東店 
ドトールコーヒーショップシモタカイドテン,ドトールコーヒーショップ 下高井戸店 
ドトールコーヒーショップシンオオテマチビルテン,ドトールコーヒーショップ 新大手町ビル店 
ドトールコーヒーショップエッソイナザワテン,ドトールコーヒーショップ エッソ稲沢店 
ドトールコーヒーショップナルセテン,ドトールコーヒーショップ 成瀬店 
ドトールコーヒーショップコーチャンフォーワカバダイテン,ドトールコーヒーショップ コーチャンフォー若葉台店 
ドトールコーヒーショップヒロシマキンザガイテン,ドトールコーヒーショップ 広島金座街店 
ドトールコーヒーショップショウナンダイニシグチエキマエテン,ドトールコーヒーショップ 湘南台西口駅前店 
ドトールコーヒーショップキンシチョウキンシコウエンマエテン,ドトールコーヒーショップ 錦糸町錦糸公園前店 
ドトールコーヒーショップキョウトヨンジョウオオハシテン,ドトールコーヒーショップ 京都四条大橋店 
ドトールコーヒーショップコオリヤマチュウオウドオリテン,ドトールコーヒーショップ 郡山中央通り店 
ドトールコーヒーショップアキルノトウキュウテン,ドトールコーヒーショップ あきる野とうきゅう店 
ドトールコーヒーショップエッソクジテン,ドトールコーヒーショップ エッソ久地店 
ドトールコーヒーショップアーバンネットナゴヤビルテン,DOUTOR コーヒーショップ アーバンネット名古屋ビル店 
ドトールコーヒーショップキョウトポルタテン,ドトールコーヒーショップ 京都ポルタ店 
ドトールコーヒーショップエイフクチョウテン,ドトールコーヒーショップ 永福町店 
ドトールコーヒーショップシンカワイッチョウメテン,ドトールコーヒーショップ 新川1丁目店 
ドトールコーヒーショップケイオウハシモトテン,ドトールコーヒーショップ 京王橋本店 
ドトールコーヒーショップミクニガオカエキテン,DOUTORコーヒーショップ 三国ヶ丘駅店 
ドトールコーヒーショップニシシンジュクイッチョウメテン,ドトールコーヒーショップ 西新宿1丁目店 
ドトールコーヒーショップヒカリガオカテン,ドトールコーヒーショップ 光が丘店 
ドトールコーヒーショップテンドウハチモンジヤテン,ドトールコーヒーショップ 天童八文字屋店 
ドトールコーヒーショップジンボウチョウハクサンドオリテン,ドトールコーヒーショップ 神保町白山通り店 
ドトールコーヒーショップリッショウダイガクテン,ドトールコーヒーショップ 立正大学店 
ドトールコーヒーショップコウライバシテン,ドトールコーヒーショップ 高麗橋店 
ドトールコーヒーショップフジミガオカテン,ドトールコーヒーショップ 富士見ヶ丘店 
ドトールコーヒーショップアスティギフテン,ドトールコーヒーショップ アスティ岐阜店 
ドトールコーヒーショップエッソガクエンカナイテン,ドトールコーヒーショップ エッソ学園金井店 
ドトールコーヒーショップイシカワチョウキタグチテン,ドトールコーヒーショップ 石川町北口店 
ドトールコーヒーショップイチカワソウゴウビヨウインテン,ドトールコーヒーショップ 市川総合病院店 
ドトールコーヒーアリオヤオテン,ドトールコーヒー アリオ八尾店 
ドトールコーヒーショップカミナガヤテン,ドトールコーヒーショップ 上永谷店 
ドトールコーヒーショップトウキョウダイガクヤスダコウドウマエテン,ドトールコーヒーショップ 東京大学安田講堂前店 
ドトールコーヒーショップハマダヤマテン,ドトールコーヒーショップ 浜田山店 
ドトールコーヒーショップトシマエンエキマテン,ドトールコーヒーショップ 豊島園駅前店 
ドトールコーヒーショップミサトスーパービバホームテン,DOUTOR コーヒーショップ 三郷スーパービバホーム店 
ドトールコーヒーショップセイブイルマペペテン,DOUTORコーヒーショップ 西武入間ペペ店 
ドトールコーヒーショップサイセイカイカワグチソウゴウビョウインテン,DOUTORコーヒーショップ 済生会川口総合病院店 
ドトールコーヒーショップウツノミヤオリオンドオリテン,ドトールコーヒーショップ 宇都宮オリオン通り店 
ドトールコーヒーショップエッソトキワダイラテン,ドトールコーヒーショップ エッソ常盤平店 
ドトールコーヒーショップイオンタウンコオリヤマテン,ドトールコーヒーショップ イオンタウン郡山店 
ドトールコーヒーシヨツプニシハチオウジロンロンテン,ドトールコーヒーショップ西八王子ロンロン店 
ドトールコーヒーショップアイヅワカマツアピオテン,ドトールコーヒーショップ 会津若松アピオ店 
ドトールコーヒーショップサッポロモトマチテン,ドトールコーヒーショップ 札幌元町店 
ドトールコーヒーショップブンキョウグリーンコートテン,ドトールコーヒーショップ 文京グリーンコート店 
ドトールコーヒーショップモリシタテン,ドトールコーヒーショップ 森下店 
ドトールコーヒーショップセイブオオイズミガクエンエキテン,ドトールコーヒーショップ 西武大泉学園駅店 
ドトールコーヒーショップサガミオオノステーションスクエアテン,ドトールコーヒーショップ 相模大野ステーションスクエア店 
ドトールコーヒーショップヒロサキサクラノテン,ドトールコーヒーショップ 弘前さくら野店 
ドトールコーヒーショップスカガワヒガシテン,ドトールコーヒーショップ 須賀川東店 
ドトールコーヒーショップドーチカテン,ドトールコーヒーショップ ドーチカ店 
ドトールコーヒーショップアサクサバシミナミテン,ドトールコーヒーショップ 浅草橋南店 
ドトールコーヒーショップフチュウホンマチテン,ドトールコーヒーショップ 府中本町店 
ドトールコーヒーショップカジガヤテン,ドトールコーヒーショップ 梶が谷店 
ドトールコーヒーショップヨコハマロウサイビョウインテン,ドトールコーヒーショップ 横浜労災病院店 
ドトールコーヒーショップワコウシエキマエテン,DOUTORコーヒーショップ 和光市駅前店 
ドトールコーヒーショップエッソクルメニュータウンテン,ドトールコーヒーショップ エッソ久留米ニュータウン店 
ドトールコーヒーショップイオンダイトウショッピングセンターテン,ドトールコーヒーショップ イオン大塔ショッピングセンター店 
ドトールコーヒーショップイオンツショッピングセンターテン,ドトールコーヒーショップ イオン津ショッピングセンター店 
ドトールコーヒーショップユウテンジテン,ドトールコーヒーショップ 祐天寺店 
ドトールコーヒーショップヤエスチュウオウグチテン,ドトールコーヒーショップ 八重洲中央口店 
ドトールコーヒーショップコオリヤマフクヤマテン,ドトールコーヒーショップ 郡山富久山店 
ドトールコーヒーショップミヤギケンチョウテン,ドトールコーヒーショップ 宮城県庁店 
ドトールコーヒーショップキボウガオカテン,ドトールコーヒーショップ 希望ヶ丘店 
ドトールコーヒーショップヨコハマジョイナステン,ドトールコーヒーショップ 横浜ジョイナス店 
ドトールコーヒーショップハッチョウボリテン,ドトールコーヒーショップ 八丁堀店 
ドトールコーヒーショップセイセキサクラガオカテン,ドトールコーヒーショップ 聖蹟桜ヶ丘店 
ドトールコーヒーショップシンカンセンシンオオサカエキテン,ドトールコーヒーショップ 新幹線新大阪駅店 
ドトールコーヒーショップハンキュウツカグチテン,ドトールコーヒーショップ 阪急塚口店 
ドトールコーヒーショップナカガワラテン,DOUTOR コーヒーショップ 中河原店 
ドトールコーヒーショップヨヨギテン,ドトールコーヒーショップ 代々木店 
ドトールコーヒーショップバラキナカヤマテン,ドトールコーヒーショップ 原木中山店 
ドトールコーヒーショップミエダイガクビョウインテン,ドトールコーヒーショップ 三重大学病院店 
ドトールコーヒーショップチトセフナバシテン,ドトールコーヒーショップ 千歳船橋店 
ドトールコーヒーショップボンベルタナリタテン,ドトールコーヒーショップ ボンベルタ成田店 
ドトールコーヒーショップトウカイダイガクテン,ドトールコーヒーショップ 東海大学店 
ドトールコーヒーショップビンゴマチイッチョウメテン,ドトールコーヒーショップ 備後町1丁目店 
ドトールコーヒーショップミノワテン,ドトールコーヒーショップ 三ノ輪店 
ドトールコーヒーショップケイセイタテイシテン,ドトールコーヒーショップ 京成立石店 
ドトールコーヒーショップイオンモールマクハリシントシンテン,ドトールコーヒーショップ イオンモール幕張新都心店 
ドトールコーヒーショップチバエキヒガシグチテン,ドトールコーヒーショップ 千葉駅東口店 
ドトールコーヒーショップオキタマソウゴウビョウインテン,ドトールコーヒーショップ 置賜総合病院店 
ドトールコーヒーショップウエノオカチマチチュウオウドオリテン,ドトールコーヒーショップ 上野御徒町中央通り店 
ドトールコーヒーショップカスミガセキメトロピアテン,ドトールコーヒーショップ 霞ケ関メトロピア店 
ドトールコーヒーショップオオオカヤマテン,ドトールコーヒーショップ 大岡山店 
ドトールコーヒーショップシンサイバシイッチョウメテン,ドトールコーヒーショップ 心斎橋1丁目店 
ドトールコーヒーショップワセダテン,ドトールコーヒーショップ 早稲田店 
ドトールコーヒーショップコスパマツバラテン,ドトールコーヒーショップ コスパ松原店 
ドトールコーヒーショップヒラツカウメヤユーユーカンテン,ドトールコーヒーショップ 平塚ユーユー駅前館店 
ドトールコーヒーショップ,ドトールコーヒーショップ 
ドトールコーヒーショップアレアシナガワテン,DOUTORコーヒーショップ アレア品川店 
ドトールコーヒーショップニッセイシンオオサカビルテン,ドトールコーヒーショップ ニッセイ新大阪ビル店 
ドトールコーヒーショップキチジョウジテンコウエングチテン,ドトールコーヒーショップ 吉祥寺公園口店 
ドトールコーヒーショップテンマエキマエテン,ドトールコーヒーショップ 天満駅前店 
ドトールコーヒーショップヌマブクロテン,ドトールコーヒーショップ 沼袋店 
ドトールコーヒーショップヒガシムコウジマテン,ドトールコーヒーショップ 東向島店 
ドトールコーヒーショップイズミヤヤワタテン,ドトールコーヒーショップ イズミヤ八幡店 
ドトールコーヒーショップコウナンダイテン,ドトールコーヒーショップ 港南台店 
ドトールコーヒーショップイオンモールサガヤマトテン,ドトールコーヒーショップ イオンモール佐賀大和店 
ドトールコーヒーショップキンシチョウラクテンチビルチカテン,ドトールコーヒーショップ 錦糸町楽天地ビル地下店 
ドトールコーヒーショップヒロシマセキジュウジゲンバクビョウインテン,ドトールコーヒーショップ 広島赤十字・原爆病院店 
ドトールコーヒーショップセンダイイリョウセンターテン,ドトールコーヒーショップ 仙台医療センター店 
ドトールコーヒーショップイオンモールキソガワテン,ドトールコーヒーショップ イオンモール木曽川店 
ドトールコーヒーショップエッソハチオウジニュータウンテン,DOUTOR コーヒーショップ エッソ八王子ニュータウン店 
ドトールコーヒーショップコマザワダイガクエキマエテン,ドトールコーヒーショップ 駒沢大学駅前店 
ドトールコーヒーショップメイテツカリヤテン,ドトールコーヒーショップ 名鉄刈谷店 
ドトールコーヒーショップゴタンダサクラダドオリテン,DOUTOR コーヒーショップ 五反田桜田通り店 
ドトールコーヒーショップテイキョウダイガクイガクブフゾクビョウインテン,ドトールコーヒーショップ 帝京大学医学部附属病院店 
ドトールコーヒーショップエッソヨネザワテン,ドトールコーヒーショップ エッソ米沢店 
ドトールコーヒーショップファインコシガヤテン,DOUTORコーヒーショップ ファイン越谷店 
ドトールコーヒーショップエッソヌマヅテン,ドトールコーヒーショップ エッソ沼津店 
ドトールコーヒーショップホンマチテン,ドトールコーヒーショップ 本町店 
ドトールコーヒーショップエッソタテバヤシテン,ドトールコーヒーショップ エッソ館林店 
ドトールコーヒーショップエッソセンゲンダイテン,DOUTORコーヒーショップ エッソせんげん台店 
ドトールコーヒーショップオオタワラワカクサテン,ドトールコーヒーショップ 大田原若草店 
ドトールコーヒーショップヒラノチョウテン,ドトールコーヒーショップ 平野町店 
ドトールコーヒーショップキョウバシチュウオウドオリテン,DOUTOR コーヒーショップ 京橋中央通り店 
ドトールコーヒーショップオキナワナンブイリョウセンターテン,ドトールコーヒーショップ 沖縄県立南部医療センター店 
ドトールコーヒーショップサイガイイリョウセンターテン,ドトールコーヒーショップ 災害医療センター店 
ドトールコーヒーショップケイハンフルカワバシテン,ドトールコーヒーショップ 京阪古川橋店 
ドトールコーヒーショップマチダナカマチテン,ドトールコーヒーショップ 町田中町店 
ドトールコーヒーショップイマイケテン,ドトールコーヒーショップ 今池店 
ドトールコーヒーショップカワニシノセグチテン,ドトールコーヒーショップ 川西能勢口店 
ドトールコーヒーショップカスミガセキダイニゴウカンテン,DOUTOR コーヒーショップ 霞が関第2号館店 
ドトールコーヒーショップエッソサヤマガオカニジュウイチテン,DOUTORコーヒーショップ エッソ狭山ヶ丘21店 
ドトールコーヒーショップイクタエキマエテン,ドトールコーヒーショップ 生田駅前店 
ドトールコーヒーショップナカオカチマチテン,ドトールコーヒーショップ 仲御徒町店 
ドトールコーヒーショップマーレムサシウラワテン,ドトールコーヒーショップ マーレ武蔵浦和店 
ドトールコーヒーショップヤマガタダイガクビョウインテン,ドトールコーヒーショップ 山形大学病院店 
ドトールコーヒーショップエムズエクスポモリオカテン,ドトールコーヒーショップ エムズエクスポ盛岡店 
ドトールコーヒーショップハツダイミナミグチテン,ドトールコーヒーショップ 初台南口店 
ドトールコーヒーショップシジョウカラスマテン,ドトールコーヒーショップ 四条烏丸店 
ドトールコーヒーショップシンヨコハマテン,ドトールコーヒーショップ 新横浜店 
ドトールコーヒーショップフジタホケンエイセイダイガクビョウインニカイテン,ドトールコーヒーショップ 藤田保健衛生大学病院(2F)店 
ドトールコーヒーショップコウジマチヨンバンチョウテン,ドトールコーヒーショップ 麹町四番町店 
ドトールコーヒーショップエッソヒガシアオタテン,ドトールコーヒーショップ エッソ東青田店 
ドトールコーヒーショップショウナントウキュウテン,ドトールコーヒーショップ 湘南とうきゅう店 
ドトールコーヒーショップオオシマエキマエテン,ドトールコーヒーショップ 大島駅前店 
ドトールコーヒーショップマツヤマシエキテン,ドトールコーヒーショップ 松山市駅店 
ドトールコーヒーショップイチガオエキマエテン,ドトールコーヒーショップ 市が尾駅前店 
ドトールコーヒーショップサッポロフクズミテン,ドトールコーヒーショップ 札幌福住店 
ドトールコーヒーショップニシナカジマゴチョウメテン,ドトールコーヒーショップ 西中島5丁目店 
ドトールコーヒーショップエッソコオリヤマビジュツカンドオリテン,ドトールコーヒーショップ エッソ郡山美術館通り店 
ドトールコーヒーショップカナマチキタグチテン,ドトールコーヒーショップ 金町北口店 
ドトールコーヒーショップエッソトヨナカミドリガオカテン,ドトールコーヒーショップ エッソ豊中緑ヶ丘店 
ドトールコーヒーショップソトカンダイッチョウメテン,ドトールコーヒーショップ 外神田1丁目店 
ドトールコーヒーショップエッソランザンテン,ドトールコーヒーショップ エッソ嵐山店 
ドトールコーヒーショップトウブフナバシエキテン,ドトールコーヒーショップ 東武船橋駅店 
ドトールコーヒーショップホンダギジュツケンキュウジョヨンリンアールアンドディセンターテン,ドトールコーヒーショップ 本田技術研究所四輪R&Dセンター店 
ドトールコーヒーショップユシマカスガドオリテン,ドトールコーヒーショップ 湯島春日通り店 
ドトールコーヒーショップチトセカラスヤマミナミグチテン,ドトールコーヒーショップ 千歳烏山南口店 
ドトールコーヒーショップカゴシマテンモンカントオリテン,ドトールコーヒーショップ 鹿児島天文館通り店 
ドトールコーヒーショップサイタマシントシンテン,ドトールコーヒーショップ さいたま新都心店 
ドトールコーヒーショップセンダイイズミチュウオウテン,ドトールコーヒーショップ 仙台泉中央店 
ドトールコーヒーショップアルプラザサバエテン,ドトールコーヒーショップ アルプラザ鯖江店 
ドトールコーヒーショップミタカミナミグチテン,ドトールコーヒーショップ 三鷹南口店 
ドトールコーヒーショップウグイスダニキタグチテン,ドトールコーヒーショップ 鴬谷北口店 
ドトールコーヒーショップシブヤイノガシラドオリテン,ドトールコーヒーショップ 渋谷井の頭通り店 
ドトールコーヒーショップエッソカリバインターテン,ドトールコーヒーショップ エッソ狩場インター店 
ドトールコーヒーショップウラワヒガシグチテン,ドトールコーヒーショップ 浦和東口店 
ドトールコーヒーショップオオイズミガクエンキタグチテン,ドトールコーヒーショップ 大泉学園北口店 
ドトールコーヒーショップウエノロクチョウメテン,ドトールコーヒーショップ 上野6丁目店 
ドトールコーヒーショップワカマツカワダテン,ドトールコーヒーショップ 若松河田店 
ドトールコーヒーショップオオミヤソニックシティマエテン,ドトールコーヒーショップ 大宮ソニックシティ前店 
ドトールコーヒーショップジェイアールクラシキエキテン,ドトールコーヒーショップ JR倉敷駅店 
ドトールコーヒーショップオオモリテン,DOUTOR コーヒーショップ 大森店 
ドトールコーヒーショップカンダアワジチョウテン,ドトールコーヒーショップ 神田淡路町店 
ドトールコーヒーショップシブヤミヤマスザカウエテン,ドトールコーヒーショップ 渋谷宮益坂上店 
ドトールコーヒーショップシンバシギンザグチテン,ドトールコーヒーショップ 新橋銀座口店 
ドトールコーヒーショップコウベサンノミヤテン,ドトールコーヒーショップ 神戸三宮店 
ドトールコーヒーショップヒロシマシミンビョウインテン,ドトールコーヒーショップ 広島市民病院店 
ドトールコーヒーショップエミオサヤマシテン,ドトールコーヒーショップ Emio狭山市店 
ドトールコーヒーショップナゴヤトウヨウビルテン,DOUTOR コーヒーショップ 名古屋東洋ビル店 
ドトールコーヒーショップカナザワムサシガツジテン,ドトールコーヒーショップ 金沢武蔵ヶ辻店 
ドトールコーヒーショップショウナンカマクラソウゴウビョウインテン,ドトールコーヒーショップ 湘南鎌倉総合病院店 
ドトールコーヒーショップニシテンマウジデンビルテン,ドトールコーヒーショップ 西天満宇治電ビル店 
ドトールコーヒーショップエッソサカタテン,ドトールコーヒーショップ エッソ酒田店 
ドトールコーヒーショップ,DOUTORコーヒーショップ 
ドトールコーヒーショップシリツシミズビョウインテン,ドトールコーヒーショップ 市立清水病院店 
ドトールコーヒーショップヤマガタシリツビョウインサイセイカンテン,ドトールコーヒーショップ 山形市立病院済生館店 
ドトールコーヒーショップジェイアールサッポロキタグチテン,ドトールコーヒーショップ JR札幌北口店 
ドトールコーヒーショップイズミヤセンリオカテン,ドトールコーヒーショップ イズミヤ千里丘店 
ドトールコーヒーショップホワイティウメダテン,ドトールコーヒーショップ ホワイティウメダ店 
ドトールコーヒーショップニホンバシムロマチヨンチョウメテン,ドトールコーヒーショップ 日本橋室町4丁目店 
ドトールコーヒーショップイチガヤテン,ドトールコーヒーショップ 市ヶ谷店 
ドトールコーヒーショップイナゲヒガシグチテン,ドトールコーヒーショップ 稲毛東口店 
ドトールコーヒーショップオダキュウサガミハラテン,ドトールコーヒーショップ 小田急相模原店 
ドトールコーヒーショップカミイタバシミナミグチテン,ドトールコーヒーショップ上板橋南口店 
ドトールコーヒーショップタナシエキビルテン,DOUTOR コーヒーショップ 田無駅ビル店 
ドトールコーヒーショップムサシコヤマテン,ドトールコーヒーショップ 武蔵小山店 
ドトールコーヒーショップウエノアサクサドオリテン,ドトールコーヒーショップ 上野浅草通り店 
ドトールコーヒーショップトウヨウチョウテン,ドトールコーヒーショップ 東陽町店 
ドトールコーヒーショップナンサンドオリテン,ドトールコーヒーショップ なんさん通り店 
ドトールコーヒーショップシンジュクビルディングテン,ドトールコーヒーショップ 新宿ビルディング店 
ドトールコーヒーショップナカノブエキマエテン,ドトールコーヒーショップ 中延駅前店 
ドトールコーヒーショップエッソカワゴエミナミテン,ドトールコーヒーショップ エッソ川越南店 
ドトールコーヒーショップヨシヅヤナゴヤメイセイテン,ドトールコーヒーショップ ヨシヅヤ名古屋名西店 
ドトールコーヒーショップセンダイイズミハチモンジヤテン,ドトールコーヒーショップ 仙台泉八文字屋店 
ドトールコーヒーショップオオツカミナミグチテン,ドトールコーヒーショップ 大塚南口店 
ドトールコーヒーショップキタセンジュニシグチテン,ドトールコーヒーショップ北千住西口店 
ドトールコーヒーショップエッソマチダカナモリテン,ドトールコーヒーショップ エッソ町田金森店 
ドトールコーヒーショップタケダソウゴウビョウインテン,ドトールコーヒーショップ 竹田綜合病院店 
ドトールコーヒーショップオオガキアピオテン,ドトールコーヒーショップ 大垣アピオ店 
ドトールコーヒーショップモリオカサカナチョウテン,ドトールコーヒーショップ 盛岡肴町店 
ドトールコーヒーショップヤマトツルマイトーヨーカドーテン,ドトールコーヒーショップ 大和鶴間イトーヨーカドー店 
ドトールコーヒーショップコウノスエキマエテン,DOUTORコーヒーショップ 鴻巣駅前店 
ドトールコーヒーショップラクイチガイドウクルメテン,ドトールコーヒーショップ 楽市街道くるめ店 
ドトールコーヒーショップトヨスメトロピアテン,ドトールコーヒーショップ 豊洲メトロピア店 
ドトールコーヒーショップカナメチョウテン,ドトールコーヒーショップ 要町店 
ドトールコーヒーショップキタミテン,ドトールコーヒーショップ喜多見店 
ドトールコーヒーショップホームズカサイテン,ドトールコーヒーショップ ホームズ葛西店 
ドトールコーヒーショッププラントギフミズホテン,ドトールコーヒーショップ PLANT岐阜瑞穂店 
ドトールコーヒーショップユウラクチョウデンキビルテン,ドトールコーヒーショップ 有楽町電気ビル店 
ドトールコーヒーショップキタノビョウインテン,ドトールコーヒーショップ 北野病院店 
ドトールコーヒーショップオオテマチファーストスクエアテン,ドトールコーヒーショップ 大手町ファーストスクエア店 
ドトールコーヒーショップキンシチョウキタグチテン,ドトールコーヒーショップ 錦糸町北口店 
ドトールコーヒーショップエッソカスカベニュータウンテン,DOUTORコーヒーショップ エッソ春日部ニュータウン店 
ドトールコーヒーショップヨミウリランドエキマエテン,ドトールコーヒーショップ 読売ランド駅前店 
ドトールコーヒーショップホッカイドウチョウテン,ドトールコーヒーショップ 北海道庁店 
ドトールコーヒーショップアイヅワカマツタキザワテン,ドトールコーヒーショップ 会津若松滝沢店 
ドトールコーヒーショップカワサキシリツタマビョウインテン,ドトールコーヒーショップ 川崎市立多摩病院店 
ドトールコーヒーショップタカツエキマエテン,ドトールコーヒーショップ 高津駅前店 
ドトールコーヒーショップナトリタタカテン,ドトールコーヒーショップ 名取田高店 
ドトールコーヒーショップミゾノクチテン,ドトールコーヒーショップ 溝の口店 
ドトールコーヒーショップテンジンバシニチョウメキタテン,ドトールコーヒーショップ 天神橋2丁目北店 
ドトールコーヒーショップニホンバシコフネチョウテン,ドトールコーヒーショップ 日本橋小舟町店 
ドトールコーヒーショップニシイケブクロイッチョウメメトロポリタンドオリテン,ドトールコーヒーショップ 西池袋1丁目メトロポリタン通り店 
ドトールコーヒーショップセイジョウガクエンキタグチテン,ドトールコーヒーショップ 成城学園北口店 
ドトールコーヒーショップナガサキカンコウドオリテン,ドトールコーヒーショップ 長崎観光通り店 
ドトールコーヒーショップオオタキネンビョウインテン,ドトールコーヒーショップ 太田記念病院店（GOURMET COFFEE DOUTOR） 
ドトールコーヒーショップダイナゴヤビルヂングテン,ドトールコーヒーショップ 大名古屋ビルヂング店 
ドトールコーヒーショップミゾノクチケイエスピーテン,ドトールコーヒーショップ 溝の口KSP店 
ドトールコーヒーシヨツプジエイアールフクヤマエキテン,ドトールコーヒーショップ JR福山駅店 
ドトールコーヒーショップカミオオオカウイングテン,ドトールコーヒーショップ 上大岡ウイング店 
ドトールコーヒーショップハカタエキイキイキドオリテン,ドトールコーヒーショップ 博多駅いきいき通り店 
ドトールコーヒーショップエッソニシアオバテン,ドトールコーヒーショップ エッソ西青葉店 
ドトールコーヒーショップマチダエキマエテン,ドトールコーヒーショップ 町田駅前店 
ドトールコーヒーショップハタノキタグチテン,ドトールコーヒーショップ 秦野北口店 
ドトールコーヒーショップヨツヤサンチョウメテン,ドトールコーヒーショップ 四谷3丁目店 
ドトールコーヒーショップチュウゴクロウサイビョウインテン,ドトールコーヒーショップ 中国労災病院店 
ドトールコーヒーショップハチノヘジュウサンニチマチテン,ドトールコーヒーショップ 八戸十三日町店 
ドトールコーヒーショップオダキュウノボリトテン,ドトールコーヒーショップ 小田急登戸店 
ドトールコーヒーショップテンノウジキタグチテン,ドトールコーヒーショップ 天王寺北口店 
ドトールコーヒーショップイセサキチョウテン,ドトールコーヒーショップ 伊勢佐木町店 
ドトールコーヒーショップシノザキテン,ドトールコーヒーショップ 篠崎店 
ドトールコーヒーショップコクリツガンケンキュウジョセンターヒガシビョウインテン,ドトールコーヒーショップ 国立がん研究センター東病院店 
ドトールコーヒーショップマツドイセタンマエテン,ドトールコーヒーショップ 松戸伊勢丹前店 
ドトールコーヒーショップチバロウサイビヨウインテン,ドトールコーヒーショップ 千葉労災病院店 
ドトールコーヒーショップアズサガワサービスエリアテン,ドトールコーヒーショップ 梓川サービスエリア店 
ドトールコーヒーショップオカヤマイリョウセンターテン,ドトールコーヒーショップ 岡山医療センター店 
ドトールコーヒーショップツガテン,ドトールコーヒーショップ 都賀店 
ドトールコーヒーショップキタアオヤマテン,ドトールコーヒーショップ 北青山店 
ドトールコーヒーショップフクオカテンジンサンチヨウメテン,ドトールコーヒーショップ 福岡天神3丁目店 
ドトールコーヒーショップヨコハマミナミサイワイテン,ドトールコーヒーショップ 横浜南幸店 
ドトールコーヒーショップホウナンチョウテン,ドトールコーヒーショップ 方南町店 
ドトールコーヒーショップミナミウラワエキヒガシグチテン,ドトールコーヒーショップ 南浦和駅東口店 
ドトールコーヒーショップニシオギクボキタグチテン,ドトールコーヒーショップ 西荻窪北口店 
ドトールコーヒーショップミヤコノジョウエムズガーデンテン,ドトールコーヒーショップ 都城M’sガーデン店 
ドトールコーヒーショップササヅカミナミグチテン,ドトールコーヒーショップ 笹塚南口店 
ドトールコーヒーショップハンゾウモンテン,DOUTOR コーヒーショップ 半蔵門店 
ドトールコーヒーショップアキタトピコテン,ドトールコーヒーショップ 秋田トピコ店 
ドトールコーヒーショップオオテマチフィナンシャルシティテン,ドトールコーヒーショップ 大手町フィナンシャルシティ店 
ドトールコーヒーショップハンノウエキマエテン,ドトールコーヒーショップ 飯能駅前店 
ドトールコーヒーショップマーサニジュウイチテン,ドトールコーヒーショップ マーサ21店 
ドトールコーヒーショップヒガシトツカテン,ドトールコーヒーショップ 東戸塚店 
ドトールコーヒーショップチョウゴテン,ドトールコーヒーショップ 長後店 
ドトールコーヒーショップウイングタウンオカザキテン,ドトールコーヒーショップ ウイングタウン岡崎店 
ドトールコーヒーショップイチガヤエキマエテン,ドトールコーヒーショップ 市ヶ谷駅前店 
ドトールコーヒーショップヤナギドオリシンヅテン,ドトールコーヒーショップ モービル柳通り新津店 
ドトールコーヒーショップモトヤマテン,ドトールコーヒーショップ 本山店 
ドトールコーヒーショップニイガタフルマチドオリナナバンチョウテン,ドトールコーヒーショップ 新潟古町通り七番町店 
ドトールコーヒーショップジェイアールロッコウミチテン,ドトールコーヒーショップ JR六甲道店 
ドトールコーヒーショップマチヤエキマエテン,ドトールコーヒーショップ 町屋駅前店 
ドトールコーヒーショップネリマタカノダイテン,ドトールコーヒーショップ 練馬高野台店 
ドトールコーヒーショップアイヅワカマツシンメイドオリテン,ドトールコーヒーショップ 会津若松神明通り店 
ドトールコーヒーショップホンカワゴエペペテン,DOUTORコーヒーショップ 本川越ペペ店 
ドトールコーヒーショップナガオカヒガシグチテン,ドトールコーヒーショップ 長岡東口店 
ドトールコーヒーショップキタカミサクラノテン,ドトールコーヒーショップ 北上さくら野店 
ドトールコーヒーショップカンダイズミチョウテン,ドトールコーヒーショップ 神田和泉町店 
ドトールコーヒーショップセンゾクエキマエテン,ドトールコーヒーショップ 洗足駅前店 
ドトールコーヒーショップシブヤサクラガオカテン,ドトールコーヒーショップ 渋谷桜丘店 
ドトールコーヒーショップエッソホシガオカテン,ドトールコーヒーショップ エッソ星が丘店 
ドトールコーヒーショップカサイエキマエテン,ドトールコーヒーショップ 葛西駅前店 
ドトールコーヒーショップミゾノクチノクティテン,ドトールコーヒーショップ みぞのくちノクティ店 
ドトールコーヒーショップビバモールカゾテン,ドトールコーヒーショップ ビバモール加須店 
ドトールコーヒーショップサガミハライーストテン,ドトールコーヒーショップ 相模原イースト店 
ドトールコーヒーショップタマチセンタービルテン,ドトールコーヒーショップ 田町センタービル店 
ドトールコーヒーシヨツプアピタミタケテン,ドトールコーヒーショップ アピタ御嵩店 
ドトールコーヒーショップイオンモールナトリテン,ドトールコーヒーショップ イオンモール名取店 
ドトールコーヒーショップヤマグチダイガクビョウインテン,ドトールコーヒーショップ 山口大学病院店 
ドトールコーヒーショップウメダシティテン,ドトールコーヒーショップ 梅田シティ店 
ドトールコーヒーショップユウラクチョウヒビヤグチテン,ドトールコーヒーショップ 有楽町日比谷口店 
ドトールコーヒーショップトクシマエキマエテン,ドトールコーヒーショップ 徳島駅前店 
ドトールコーヒーショップヒョウゴエキマエテン,ドトールコーヒーショップ 兵庫駅前店 
ドトールコーヒーショップオキナワケンリツチュウブビョウインテン,ドトールコーヒーショップ 沖縄県立中部病院店 
ドトールコーヒーショップオヤマダイテン,ドトールコーヒーショップ 尾山台店 
ドトールコーヒーショップマキノハラモアテン,ドトールコーヒーショップ 牧の原モア店 
ドトールコーヒーショップハラジュクタケシタグチテン,ドトールコーヒーショップ 原宿竹下口店 
ドトールコーヒーショップコテサシセイユウテン,ドトールコーヒーショップ 小手指西友店 
ドトールコーヒーショップエッソシュウナンテン,ドトールコーヒーショップ エッソ周南店 
ドトールコーヒーショップテンジンソラリアステージテン,ドトールコーヒーショップ 天神ソラリアステージ店 
ドトールコーヒーショップニホンマツテン,ドトールコーヒーショップ二本松店 
ドトールコーヒーショップクラシキチュウオウビョウインテン,ドトールコーヒーショップ テラス 倉敷中央病院店 
ドトールコーヒーショップリュウキュウダイガクイガクブフゾクビョウインテン,ドトールコーヒーショップ 琉球大学医学部附属病院店 
ドトールコーヒーショップエッソヒラツカキタテン,ドトールコーヒーショップ エッソ平塚北店 
ドトールコーヒーショップカゴシマクウコウテン,ドトールコーヒーショップ 鹿児島空港店 
ドトールコーヒーショップアキツテン,ドトールコーヒーショップ 秋津店 
ドトールコーヒーショップリエッタアヤセテン,ドトールコーヒーショップ リエッタ綾瀬店 
ドトールコーヒーショップサンワコドモノクニテン,ドトールコーヒーショップ 三和子供の国店 
ドトールコーヒーショップエッソトヨタホミテン,ドトールコーヒーショップ エッソ豊田保見店 
ドトールコーヒーショップミトサイセイカイソウゴウビョウインテン,ドトールコーヒーショップ 水戸済生会総合病院店 
ドトールコーヒーショップイシカワパーキングエリアクダリテン,ドトールコーヒーショップ 石川パーキングエリア下り店 
ドトールコーヒーショップブルメールマイタモンテン,ドトールコーヒーショップ ブルメール舞多聞店 
ドトールコーヒーシヨツプクマモトカミトオリテン,ドトールコーヒーショップ 熊本上通り店 
ドトールコーヒーショップシリツハコダテビョウインテン,ドトールコーヒーショップ 市立函館病院店 
ドトールコーヒーショップメグロヒガシグチテン,ドトールコーヒーショップ 目黒東口店 
ドトールコーヒーショップコウフショウワイトーヨーカドーテン,ドトールコーヒーショップ 甲府昭和イトーヨーカドー店 
ドトールコーヒーショップクシロロウサイビョウインテン,ドトールコーヒーショップ 釧路労災病院店 
ドトールコーヒーショップアサクサロックステン,ドトールコーヒーショップ 浅草ROX店 
ドトールコーヒーショップツルオカエスモールテン,ドトールコーヒーショップ 鶴岡S‐MALL店 
ドトールコーヒーショップナガサキドウザマチテン,ドトールコーヒーショップ 長崎銅座町店 
ドトールコーヒーショップエッソユリノキダイテン,ドトールコーヒーショップ エッソゆりのき台店 
ドトールコーヒーショップゴショガワラエルムテン,ドトールコーヒーショップ 五所川原エルム店 
ドトールコーヒーショップキクカワテン,ドトールコーヒーショップ 菊川店 
ドトールコーヒーショップセンダイイチバンチョウサンチョウメテン,ドトールコーヒーショップ 仙台一番町3丁目店 
ドトールコーヒーショップサンノミヤキョウマチスジテン,ドトールコーヒーショップ 三宮京町筋店 
ドトールコーヒーショップアピタヒダタカヤマテン,ドトールコーヒーショップ アピタ飛騨高山店 
ドトールコーヒーショップカワゴエテン,DOUTORコーヒーショップ 川越店 
ドトールコーヒーショップニイガタエキマエテン,ドトールコーヒーショップ 新潟駅前店 
ドトールコーヒーショップモトマチコイカワスジテン,ドトールコーヒーショップ 元町鯉川筋店 
ドトールコーヒーショップセイマリアンナイカダイガクビョウインテン,ドトールコーヒーショップ  聖マリアンナ医科大学病院店 
ドトールコーヒーシヨツプビーンズトダコウエンテン,ドトールコーヒーショップ ビーンズ戸田公園店 
ドトールコーヒーショップトツカニシグチテン,ドトールコーヒーショップ 戸塚西口店 
ドトールコーヒーショップミナミギョウトクテン,ドトールコーヒーショップ 南行徳店 
ドトールコーヒーショップタカダノババヨンチョウメテン,ドトールコーヒーショップ 高田馬場4丁目店 
ドトールコーヒーショップアサヒチュウオウビョウインテン,ドトールコーヒーショップ 旭中央病院店 
ドトールコーヒーショップサクラジョウスイテン,ドトールコーヒーショップ 桜上水店 
ドトールコーヒーショップニシテツフクオカエキテン,ドトールコーヒーショップ 西鉄福岡駅店 
ドトールコーヒーショップヒガシキシワダトークタウンテン,ドトールコーヒーショップ 東岸和田トークタウン店 
ドトールコーヒーショップシブヤセンターガイテン,ドトールコーヒーショップ 渋谷センター街店 
ドトールコーヒーショップサガミハラエキマエテン,ドトールコーヒーショップ 相模原駅前店 
ドトールコーヒーショップエッソハチマンテン,ドトールコーヒーショップ エッソ八幡店 
ドトールコーヒーショップフクオカテンジンヨンチヨウメテン,ドトールコーヒーショップ 福岡天神4丁目店 
ドトールコーヒーショップジェイアールトットリエキテン,ドトールコーヒーショップ JR鳥取駅店 
ドトールコーヒーショップイケブクログリーンオオドオリテン,ドトールコーヒーショップ 池袋グリーン大通り店 
ドトールコーヒーショップモリオカエキミナミグチテン,ドトールコーヒーショップ 盛岡駅南口店 
ドトールコーヒーショップエッソアールロクトリデテン,ドトールコーヒーショップ エッソR6取手店 
ドトールコーヒーショップヨノヒガシグチテン,ドトールコーヒーショップ 与野東口店 
ドトールコーヒーショップオビヒロコウセイビョウインテン,ドトールコーヒーショップ 帯広厚生病院店 
ドトールコーヒーショップユキガヤテン,ドトールコーヒーショップ 雪が谷店 
ドトールコーヒーショップスイドウバシヒガシグチテン,ドトールコーヒーショップ 水道橋東口店 
ドトールコーヒーショップタカマツトキワマチテン,ドトールコーヒーショップ 高松常磐町店 
ドトールコーヒーショップムサシコガネイテン,DOUTOR コーヒーショップ 武蔵小金井店 
ドトールコーヒーショップシンナカノテン,ドトールコーヒーショップ新中野店 
ドトールコーヒーショップナカノサカウエテン,ドトールコーヒーショップ 中野坂上店 
ドトールコーヒーショップハンキュウアワジテン,ドトールコーヒーショップ 阪急淡路店 
ドトールコーヒーショップシモイグサテン,ドトールコーヒーショップ 下井草店 
ドトールコーヒーショップカンサイロウサイビョウインテン,ドトールコーヒーショップ 関西ろうさい病院店 
ドトールコーヒーショップエッソマガリカネテン,DOUTOR COFFEE SHOP エッソ曲金店 
ドトールコーヒーショップガクゲイダイガクエキマエテン,ドトールコーヒーショップ 学芸大学駅前店 
ドトールコーヒーショップケイオウフチュウテン,ドトールコーヒーショップ 京王府中店 
ドトールコーヒーショップイワモトチョウニチョウメテン,ドトールコーヒーショップ 岩本町2丁目店 
ドトールコーヒーショップモトアツギイチバンガイテン,ドトールコーヒーショップ 本厚木一番街店 
ドトールコーヒーショップカゴシマナカマチテン,ドトールコーヒーショップ 鹿児島中町店 
ドトールコーヒーショップアピタタウンケイハンナテン,ドトールコーヒーショップ アピタタウンけいはんな店 
ドトールコーヒーショップヴィアモールコウナンテン,ドトールコーヒーショップ VIA MALL江南店 
ドトールコーヒーショップオキナワイオンナハテン,ドトールコーヒーショップ 沖縄イオン那覇店 
ドトールコーヒーショップモリオカチユウオウテン,ドトールコーヒーショップ 盛岡中央店 
ドトールコーヒーショップムサシサカイキタグチテン,ドトールコーヒーショップ 武蔵境北口店 
ドトールコーヒーショップニンギョウマチハコザキテン,ドトールコーヒーショップ人形町箱崎店 
ドトールコーヒーショップジョイフルホンダミズホテン,ドトールコーヒーショップ ジョイフル本田瑞穂店 
ドトールコーヒーショップカワサキシリツイダビョウインテン,ドトールコーヒーショップ 川崎市立井田病院店 
ドトールコーヒーショップフクヤマイトーヨーカドーテン,ドトールコーヒーショップ 福山イトーヨーカドー店 
ドトールコーヒーショップウラヤスミナミグチテン,ドトールコーヒーショップ 浦安南口店 
ドトールコーヒーショップケミガワハマテン,ドトールコーヒーショップ 検見川浜店 
ドトールコーヒーショップシンマツドテン,ドトールコーヒーショップ 新松戸店 
ドトールコーヒーショップイセハラテン,ドトールコーヒーショップ 伊勢原店 
ドトールコーヒーショップトエイバクロヨコヤマテン,ドトールコーヒーショップ 都営馬喰横山店 
ドトールコーヒーショップリョウゴクヒガシグチテン,ドトールコーヒーショップ 両国東口店 
ドトールコーヒーショップチョウフキタグチテン,ドトールコーヒーショップ 調布北口店 
ドトールコーヒーショップオオヤマサンロードテン,ドトールコーヒーショップ 大山サンロード店 
ドトールコーヒーショップクニタチダイガクドオリテン,ドトールコーヒーショップ 国立大学通り店 
ドトールコーヒーショップネリマニシグチテン,ドトールコーヒーショップ 練馬西口店 
ドトールコーヒーショップセンダイザモールナガマチテン,ドトールコーヒーショップ 仙台ザ モール長町店 
ドトールコーヒーショップホンマチチュウオウオオドオリテン,ドトールコーヒーショップ 本町中央大通り店 
ドトールコーヒーショップケイセイナリタテン,ドトールコーヒーショップ 京成成田店 
ドトールコーヒーショップトウカイチバテン,ドトールコーヒーショップ 十日市場店 
ドトールコーヒーショップユリガオカエキマエテン,ドトールコーヒーショップ 百合ヶ丘駅前店 
ドトールコーヒーショップシャポーイチカワテン,ドトールコーヒーショップ シャポー市川店 
ドトールコーヒーショップフジエダシリツソウゴウビョウインテン,ドトールコーヒーショップ 藤枝市立総合病院店 
ドトールコーヒーショップエッソサガミフジテン,ドトールコーヒーショップ エッソ相模富士店 
ドトールコーヒーショップオダワラシティーモールテン,ドトールコーヒーショップ 小田原シティーモール店 
ドトールコーヒーショップナリマスアクトテン,ドトールコーヒーショップ 成増アクト店 
ドトールコーヒーショップナゴヤダイガクビョウインテン,ドトールコーヒーショップ 名古屋大学病院店 
ドトールコーヒーショップフジサワミナミグチテン,ドトールコーヒーショップ 藤沢南口店 
ドトールコーヒーショップハチノヘピアドゥテン,ドトールコーヒーショップ 八戸ピアドゥ店 
ドトールコーヒーショップキョウトシリツビョウインテン,ドトールコーヒーショップ 京都市立病院店 
ドトールコーヒーショップカンダキタグチテン,ドトールコーヒーショップ 神田北口店 
ドトールコーヒーショップオチャノミズキタテン,ドトールコーヒーショップ 御茶ノ水北店 
ドトールコーヒーショップオダキュウシンジュクニシグチテン,ドトールコーヒーショップ 小田急新宿西口店 
ドトールコーヒーショップエッソエクスプレスモリヤマテン,ドトールコーヒーショップ エッソエクスプレス守山店 
ドトールコーヒーショップエッソヤナギタテン,ドトールコーヒーショップ エッソ柳田店 
ドトールコーヒーショップタカダノババテン,ドトールコーヒーショップ 高田馬場店 
ドトールコーヒーショップヒガシイケブクロイッチョウメテン,ドトールコーヒーショップ 東池袋1丁目店 
ドトールコーヒーショップソウカエキニシグチテン,ドトールコーヒーショップ 草加駅西口店 
ドトールコーヒーショップタカイドテン,ドトールコーヒーショップ 高井戸店 
ドトールコーヒーショップエスパルフクシマテン,ドトールコーヒーショップ エスパル福島店 
ドトールコーヒーショップノシロコウセイイリョウセンターテン,ドトールコーヒーショップ 能代厚生医療センター店 
ドトールコーヒーショップケイキュウヘイワジマテン,ドトールコーヒーショップ 京急平和島店 
ドトールコーヒーショップミナミアオヤマゴチョウメテン,ドトールコーヒーショップ 南青山5丁目店 
ドトールコーヒーショップウノキテン,ドトールコーヒーショップ 鵜の木店 
ドトールコーヒーショップエッソコウヅノモリテン,ドトールコーヒーショップ エッソ公津の杜店 
ドトールコーヒーショップニイガタマサヤコウジテン,ドトールコーヒーショップ 新潟柾谷小路店 
ドトールコーヒーショップジェイアールサンノミヤヒガシグチテン,ドトールコーヒーショップ JR三宮東口店 
ドトールコーヒーショップララポートトウキョウベイテン,ドトールコーヒーショップ ららぽーとTOKYO‐BAY店 
ドトールコーヒーショップセンダイキタグチテン,ドトールコーヒーショップ 仙台北口店 
ドトールコーヒーショップウエノチュウオウドオリテン,ドトールコーヒーショップ 上野中央通り店 
ドトールコーヒーショップジュウジョウギンザテン,ドトールコーヒーショップ 十条銀座店 
ドトールコーヒーショップツルガミネテン,ドトールコーヒーショップ 鶴ヶ峰店 
ドトールコーヒーショップチトセカラスヤマテン,ドトールコーヒーショップ 千歳烏山店 
ドトールコーヒーショップエッソサカイフクダテン,ドトールコーヒーショップ エッソ堺福田店 
ドトールコーヒーショップゴタンノエキマエテン,ドトールコーヒーショップ 五反野駅前店 
ドトールコーヒーショップサガミオオノコリドーガイテン,ドトールコーヒーショップ 相模大野コリドー街店 
ドトールコーヒーショップミズホダイテン,DOUTORコーヒーショップ みずほ台店 
ドトールコーヒーショップカワサキギンリュウガイテン,ドトールコーヒーショップ 川崎銀柳街店 
ドトールコーヒーショップツルマエキマエテン,ドトールコーヒーショップ 鶴間駅前店 
ドトールコーヒーショップエドサキパンプテン,ドトールコーヒーショップ 江戸崎パンプ店 
ドトールコーヒーショップニシカサイキタグチテン,ドトールコーヒーショップ 西葛西北口店 
ドトールコーヒーショップアリオフカヤテン,ドトールコーヒーショップ アリオ深谷店 
ドトールコーヒーショップシントミチョウテン,ドトールコーヒーショップ新富町店 
ドトールコーヒーショップトヤマセキジュウジビョウインテン,ドトールコーヒーショップ 富山赤十字病院店 
ドトールコーヒーショップギンザロクチョウメテン,ドトールコーヒーショップ 銀座6丁目店 
ドトールコーヒーショップアトレウエノテン,ドトールコーヒーショップ アトレ上野店 
ドトールコーヒーショップガクゲイダイガクテン,ドトールコーヒーショップ 学芸大学店 
ドトールコーヒーショップタムラフナビキテン,ドトールコーヒーショップ 田村船引店 
ドトールコーヒーショップヤコウエキマエテン,ドトールコーヒーショップ 矢向駅前店 
ドトールコーヒーショップハタガヤテン,ドトールコーヒーショップ 幡ヶ谷店 
ドトールコーヒーショップシバタテン,ドトールコーヒーショップ 芝田店 
ドトールコーヒーショップタマプラーザテン,ドトールコーヒーショップ たまプラーザ店 
ドトールコーヒーショップヒガシクルメヒガシグチテン,ドトールコーヒーショップ 東久留米東口店 
ドトールコーヒーショップヒロシマハッチョウボリキョウグチモンテン,ドトールコーヒーショップ 広島八丁堀京口門店 
ドトールコーヒーショップエッソミウラカイガンテン,ドトールコーヒーショップ エッソ三浦海岸店 
ドトールコーヒーショップセイシンチュウオウテン,ドトールコーヒーショップ 西神中央店 
ドトールコーヒーショップダテテン,ドトールコーヒーショップ 伊達店 
ドトールコーヒーショップジェイアールオカヤマエキニカイカイサツナイテン,ドトールコーヒーショップ JR岡山駅2階改札内店 
ドトールコーヒーショップチバホクソウビョウインテン,ドトールコーヒーショップ 千葉北総病院店 
ドトールコーヒーショップフジサワキタグチエキマエテン,ドトールコーヒーショップ 藤沢北口駅前店 
ドトールコーヒーショップモリオカエキテン,ドトールコーヒーショップ 盛岡駅店 
ドトールコーヒーショップカンナイサクラドオリテン,ドトールコーヒーショップ 関内桜通り店 
ドトールコーヒーショップジンボウチョウエキマエテン,ドトールコーヒーショップ 神保町駅前店 
ドトールコーヒーショップオカチマチショウワドオリテン,ドトールコーヒーショップ 御徒町昭和通り店 
ドトールコーヒーショップコクラウオマチニチョウメテン,ドトールコーヒーショップ 小倉魚町2丁目店 
ドトールコーヒーショップワラビニシグチテン,DOUTORコーヒーショップ 蕨西口店 
ドトールコーヒーショップエッソフタザキテン,ドトールコーヒーショップ エッソ二崎店 
ドトールコーヒーショップナカイタバシキタグチテン,ドトールコーヒーショップ 中板橋北口店 
ドトールコーヒーショップイワツキエキマエテン,ドトールコーヒーショップ 岩槻駅前店 
ドトールコーヒーショップセンダイミナミマチドオリテン,ドトールコーヒーショップ 仙台南町通り店 
ドトールコーヒーショップケイオウタマセンターテン,ドトールコーヒーショップ 京王多摩センター店 
ドトールコーヒーショップキヨセキタグチテン,ドトールコーヒーショップ 清瀬北口店 
ドトールコーヒーショップエンマチエキマエテン,ドトールコーヒーショップ 円町駅前店 
ドトールコーヒーショップハママツチョウニチョウメテン,ドトールコーヒーショップ 浜松町2丁目店 
ドトールコーヒーショップグリナードナガヤマテン,ドトールコーヒーショップ グリナード永山店 
ドトールコーヒーショップミナトミライグランモールコウエンテン,ドトールコーヒーショップ みなとみらいグランモール公園店 
ドトールコーヒーショップアカバネスズランドオリテン,ドトールコーヒーショップ 赤羽スズラン通り店 
ドトールコーヒーショップナガハラテン,ドトールコーヒーショップ 長原店 
ドトールコーヒーショップフジミノテン,DOUTOR コーヒーショップ ふじみ野店 
ドトールコーヒーシヨツプチバケンチヨウマエエキマエテン,ドトールコーヒーショップ 千葉県庁前駅前店 
ドトールコーヒーショップパルテキタコシテン,DOUTOR コーヒーショップ パルテきたこし店 
ドトールコーヒーショップジェイアールフジエダエキテン,ドトールコーヒーショップ JR藤枝駅店 
ドトールコーヒーショップエッソカワジママチテン,DOUTORコーヒーショップ エッソ川島町店 
ドトールコーヒーショップネリマセンカワドオリテン,ドトールコーヒーショップ 練馬千川通り店 
ドトールコーヒーショップミサトエキマエテン,DOUTORコーヒーショップ 三郷駅前店 
ドトールコーヒーショップサンギョウボウエキセンターテン,ドトールコーヒーショップ 産業貿易センター店 
ドトールコーヒーショップサンノミヤエキマエテン,ドトールコーヒーショップ 三宮駅前店 
ドトールコーヒーショップチャチャタウンコクラテン,ドトールコーヒーショップ チャチャタウン小倉店 
ドトールコーヒーショップマチダターミナルテン,ドトールコーヒーショップ 町田ターミナル店 
ドトールコーヒーシヨツプハコダテチユウオウビヨウインテン,ドトールコーヒーショップ 函館中央病院店 
ドトールコーヒーショップオオミヤラクーンテン,ドトールコーヒーショップ 大宮ラクーン店 
ドトールコーヒーショップサギノミヤテン,ドトールコーヒーショップ鷺ノ宮店 
ドトールコーヒーショップジュウジョウミナミグチテン,ドトールコーヒーショップ 十条南口店 
ドトールコーヒーショップミナトミライセンタービルテン,ドトールコーヒーショップ みなとみらいセンタービル店 
ドトールコーヒーショップイセセキジュウジビョウインテン,ドトールコーヒーショップ 伊勢赤十字病院店 
ドトールコーヒーショップエッソチクシノニュータウンテン,ドトールコーヒーショップ エッソ筑紫野ニュータウン店 
ドトールコーヒーショップツルミニシグチテン,ドトールコーヒーショップ 鶴見西口店 
ドトールコーヒーショップキチジョウジモトマチドオリテン,ドトールコーヒーショップ 吉祥寺元町通り店 
ドトールコーヒーショップエッソトツカテン,ドトールコーヒーショップ エッソ十塚町店 
ドトールコーヒーショップジェイアールワカヤマエキテン,ドトールコーヒーショップ JR和歌山駅店 
ドトールコーヒーショップハカタエキマエドオリテン,ドトールコーヒーショップ 博多駅前通り店 
ドトールコーヒーショップヤクインエキテン,ドトールコーヒーショップ 薬院駅店 
ドトールコーヒーショップヒガシジュウジョウテン,ドトールコーヒーショップ 東十条店 
ドトールコーヒーショップアリオカメアリテン,ドトールコーヒーショップ アリオ亀有店 
ドトールコーヒーショップカミナリモンニチョウメテン,ドトールコーヒーショップ 雷門2丁目店 
ドトールコーヒーショップトヤマソウガワテン,ドトールコーヒーショップ 富山総曲輪店 
ドトールコーヒーショップエッソムツカワテン,ドトールコーヒーショップ エッソ六ッ川店 
ドトールコーヒーショップトコロザワヒガチグチテン,DOUTORコーヒーショップ 所沢東口店 
ドトールコーヒーショップダイエーコウミョウイケテン,ドトールコーヒーショップ ダイエー光明池店 
ドトールコーヒーショップドショウマチテン,ドトールコーヒーショップ 道修町店 
ドトールコーヒーショップコウベイタヤドテン,ドトールコーヒーショップ 神戸板宿店 
ドトールコーヒーショップミョウレンジテン,ドトールコーヒーショップ 妙蓮寺店 
ドトールコーヒーショップクズハモールテン,ドトールコーヒーショップ くずはモール店 
ドトールコーヒーショップチバギンザドオリテン,ドトールコーヒーショップ 千葉銀座通り店 
ドトールコーヒーショップイイダバシカグラザカテン,ドトールコーヒーショップ飯田橋神楽坂店 
ドトールコーヒーショップオカチマチミナミグチテン,ドトールコーヒーショップ 御徒町南口店 
ドトールコーヒーショップコイワポポテン,ドトールコーヒーショップ シャポー小岩店 
ドトールコーヒーショップコクサイテンジジョウエキテン,ドトールコーヒーショップ 国際展示場駅店 
ドトールコーヒーショップジェイアールオカヤマエキテン,ドトールコーヒーショップ JR岡山駅店 
ドトールコーヒーショップエッソイヌヤマテン,DOUTOR コーヒーショップ エッソ犬山店 
ドトールコーヒーショップセンダイハチマンテン,ドトールコーヒーショップ 仙台八幡店 
ドトールコーヒーショップイケブクロロクジュウカイドオリテン,ドトールコーヒーショップ 池袋60階通り店 
ドトールコーヒーショップイオンモールクラシキテン,ドトールコーヒーショップ イオンモール倉敷店 
ドトールコーヒーショップペルチツチウラテン,DOUTOR COFFEE SHOP ペルチ土浦店 
ドトールコーヒーショップゾウシキテン,ドトールコーヒーショップ 雑色店 
ドトールコーヒーショップアキハバライズミバシテン,ドトールコーヒーショップ 秋葉原和泉橋店 
ドトールコーヒーショップニシフナバシキタグチテン,ドトールコーヒーショップ 西船橋北口店 
ドトールコーヒーショップイオンモールトットリキタテン,ドトールコーヒーショップ イオンモール鳥取北店 
ドトールコーヒーショップリヴィンオズオオイズミテン,DOUTOR コーヒーショップ リヴィン オズ大泉店 
ドトールコーヒーショップシブヤシンミナミグチテン,ドトールコーヒーショップ 渋谷新南口店 
ドトールコーヒーショップアビコミナミグチテン,ドトールコーヒーショップ 我孫子南口店 
ドトールコーヒーショップクマモトシモドオリテン,ドトールコーヒーショップ 熊本下通り店 
ドトールコーヒーショップヒロサキダイガクイガクブフゾクビヨウインテン,ドトールコーヒーショップ 弘前大学医学部附属病院店 
ドトールコーヒーショップケイオウセンカワテン,ドトールコーヒーショップ 京王仙川店 
ドトールコーヒーショップキョウトヨンジョウドオリテン,ドトールコーヒーショップ京都四条通り店 
ドトールコーヒーショップイケブクロニチョウメテン,ドトールコーヒーショップ 池袋2丁目店 
ドトールコーヒーショップシンバシミナミテン,ドトールコーヒーショップ 新橋南店 
ドトールコーヒーショップニシノミヤナシオサービスエリアクダリテン,ドトールコーヒーショップ 西宮名塩サービスエリア下り店 
ドトールコーヒーショップミナミリンカンテン,ドトールコーヒーショップ 南林間店 
ドトールコーヒーショップエッソコウホクニュータウンテン,ドトールコーヒーショップ エッソ港北ニュータウン店 
ドトールコーヒーショップセンダイイチバンチョウヨンチョウメテン,ドトールコーヒーショップ 仙台一番町4丁目店 
ドトールコーヒーナカモズエキマエテン,ドトールコーヒーショップ なかもず駅前店 
ドトールコーヒーショップセタガヤビジネススクエアテン,ドトールコーヒーショップ 世田谷ビジネススクエア店 
ドトールコーヒーショップヒガシニホンバシテン,ドトールコーヒーショップ 東日本橋店 
ドトールコーヒーショップヒラカタビョウインテン,ドトールコーヒーショップ 関西医科大学附属枚方病院店 
ドトールコーヒーショップエッソイルマテン,ドトールコーヒーショップ エッソ入間店 
ドトールコーヒーショップシズオカゴフクチョウニチョウメテン,ドトールコーヒーショップ 静岡呉服町2丁目店 
ドトールコーヒーショップタイトウヨンチョウメテン,ドトールコーヒーショップ 台東4丁目店 
ドトールコーヒーショップカワサキダイステン,DOUTORコーヒーショップ  川崎ダイス店 
ドトールコーヒーショップエビスイッチョウメテン,DOUTORコーヒーショップ 恵比寿一丁目店 
ドトールコーヒーショップタワラマチエキマエテン,ドトールコーヒーショップ 田原町駅前店 
ドトールコーヒーショップヒメジミユキドオリゴフクマチテン,ドトールコーヒーショップ 姫路みゆき通り呉服町店 
ドトールコーヒーショップトヤマダイガクビョウインテン,ドトールコーヒーショップ 富山大学病院店 
ドトールコーヒーショップキバテン,ドトールコーヒーショップ 木場店 
ドトールコーヒーショップセンリセルシーテン,ドトールコーヒーショップ 千里セルシー店 
ドトールコーヒーショップヒガシコウエンジテン,ドトールコーヒーショップ 東高円寺店 
ドトールコーヒーショップコウライバシヨンチョウメテン,DOUTORコーヒーショップ 高麗橋4丁目店 
ドトールコーヒーショップモトヤワタミナミグチテン,ドトールコーヒーショップ 本八幡南口店 
ドトールコーヒーショップカンダマツナガチョウテン,ドトールコーヒーショップ 神田松永町店 
ドトールコーヒーショップトウキュウエバラナカノブテン,ドトールコーヒーショップ 東急荏原中延店 
ドトールコーヒーショップイオンモールスズカテン,ドトールコーヒーショップ イオンモール鈴鹿店 
ドトールコーヒーショップカミオオオカカミオテン,ドトールコーヒーショップ 上大岡camio店 
ドトールコーヒーショップニシオギクボミナミグチテン,ドトールコーヒーショップ 西荻窪南口店 
ドトールコーヒーショップカワサキソリッドスクエアテン,ドトールコーヒーショップ 川崎ソリッドスクエア店 
ドトールコーヒーショップカンダニシグチテン,ドトールコーヒーショップ 神田西口店 
ドトールコーヒーショップホンジョアズマバシテン,ドトールコーヒーショップ 本所吾妻橋店 
ドトールコーヒーショップヨコハマキタサイワイテン,ドトールコーヒーショップ 横浜北幸店 
ドトールコーヒーショップカマタヒガシグチテン,ドトールコーヒーショップ 蒲田東口店 
ドトールコーヒーショップトヨハシヒロコウジテン,ドトールコーヒーショップ 豊橋広小路店 
ドトールコーヒーショップカチドキテン,ドトールコーヒーショップ 勝どき店 
ドトールコーヒーショップセイセキサクラガオカヒガシグチテン,ドトールコーヒーショップ 聖蹟桜ヶ丘東口店 
ドトールコーヒーショップシンカワエイタイドオリテン,ドトールコーヒーショップ新川永代通り店 
ドトールコーヒーショップコマエテン,ドトールコーヒーショップ 狛江店 
ドトールコーヒーショップニシシンジュクイッチョウメミナミテン,ドトールコーヒーショップ 西新宿1丁目南店 
ドトールコーヒーショップエッソタマニュータウンテン,ドトールコーヒーショップ エッソ多摩ニュータウン店 
ドトールコーヒーショップアピタフクイオオワダテン,ドトールコーヒーショップ アピタ福井大和田店 
ドトールコーヒーショップフジタホケンエイセイダイガクビョウインイチエフテン,ドトールコーヒーショップ 藤田保健衛生大学病院(1F)店 
ドトールコーヒーショップレイクタウンアウトレットテン,ドトールコーヒーショップ レイクタウンアウトレット店 
ドトールコーヒーショップコーチャンフォーアサヒカワテン,ドトールコーヒーショップ コーチャンフォー旭川店 
ドトールコーヒーショップミゾノクチエキマエテン,ドトールコーヒーショップ 溝の口駅前店 
ドトールコーヒーショップナンバテン,ドトールコーヒーショップ 難波店 
ドトールコーヒーショップジェイアールミシマエキキタグチテン,ドトールコーヒーショップ JR三島駅北口店 
ドトールコーヒーショップカシマダサウザンドモールテン,ドトールコーヒーショップ 鹿島田サウザンドモール店 
ドトールコーヒーショップキョウトシンキョウゴクサンジョウテン,ドトールコーヒーショップ 京都新京極三条店 
ドトールコーヒーショップハカタゴフクマチテン,ドトールコーヒーショップ 博多呉服町店 
ドトールコーヒーショップノウケンダイテン,ドトールコーヒーショップ 能見台店 
ドトールコーヒーショップシモウサナカヤマキタグチテン,ドトールコーヒーショップ 下総中山北口店 
ドトールコーヒーショップアサヒカワカイモノコウエンドオリテン,ドトールコーヒーショップ 旭川買物公園通り店 
ドトールコーヒーショップサッポロオオドオリニシサンチョウメテン,ドトールコーヒーショップ 札幌大通西3丁目店 
ドトールコーヒーショップビッグワンツタヤウツノミヤミナミテン,ドトールコーヒーショップ ビッグワンTSUTAYA宇都宮南店 
ドトールコーヒーショップミタテン,ドトールコーヒーショップ 三田店 
ドトールコーヒーショップシンヨコハマエキマエテン,ドトールコーヒーショップ 新横浜駅前店 
ドトールコーヒーショップエッソチバミヤコチョウテン,ドトールコーヒーショップ エッソ千葉都町店 
ドトールコーヒーショップメイダイマエテン,ドトールコーヒーショップ 明大前店 
ドトールコーヒーショップナゴヤタワーズドオリテン,DOUTOR コーヒーショップ 名古屋タワーズ通り店 
ドトールコーヒーショップオッパマテン,ドトールコーヒーショップ 追浜店 
ドトールコーヒーショップハチノヘニイダテン,ドトールコーヒーショップ 八戸新井田店 
ドトールコーヒーショップイオンタウンミトミナミテン,ドトールコーヒーショップ イオンタウン水戸南店 
ドトールコーヒーショップコウジマチヨンチョウメテン,ドトールコーヒーショップ 麹町4丁目店 
ドトールコーヒーショップヨコハマヒガシグチテン,ドトールコーヒーショップ 横浜東口店 
ドトールコーヒーショップモトスミヨシヒガシグチテン,ドトールコーヒーショップ 元住吉東口店 
ドトールコーヒーショップシラカワテン,ドトールコーヒーショップ 白河店 
ドトールコーヒーショップイオンタカツキテン,ドトールコーヒーショップ イオン高槻店 
ドトールコーヒーショップザマテン,ドトールコーヒーショップ 座間店 
ドトールコーヒーショップシャミネマツエテン,ドトールコーヒーショップ シャミネ松江店 
ドトールコーヒーショップトウブアサカダイテン,DOUTOR コーヒーショップ 東武朝霞台店 
ドトールコーヒーショップアオモリシモダテン,ドトールコーヒーショップ 青森下田店 
ドトールコーヒーショップジェイアールタカツキミナミグチテン,ドトールコーヒーショップ JR高槻南口店 
ドトールコーヒーショップニホンバシホンゴクチョウテン,ドトールコーヒーショップ 日本橋本石町店 
ドトールコーヒーショップテンマバシテン,ドトールコーヒーショップ 天満橋店 
ドトールコーヒーショップコウベサンノミヤキタグチテン,ドトールコーヒーショップ 神戸三宮北口店 
ドトールコーヒーショップエッソキタモトニュータウンテン,DOUTORコーヒーショップ エッソ北本ニュータウン店 
ドトールコーヒーショップキヌガサテン,ドトールコーヒーショップ 衣笠店 
ドトールコーヒーショップオオサキシミンビョウインテン,ドトールコーヒーショップ 大崎市民病院店 
ドトールコーヒーショップナガオカテンジンテン,ドトールコーヒーショップ 長岡天神店 
ドトールコーヒーショップオオサカイカダイガクビョインテン,ドトールコーヒーショップ 大阪医科大学病院店 
ドトールコーヒーショップシンマルコヒガシグチテン,ドトールコーヒーショップ 新丸子東口店 
ドトールコーヒーショップナゴヤヒサヤオオドオリテン,DOUTOR コーヒーショップ 名古屋久屋大通り店 
ドトールコーヒーショップツツジガオカテン,ドトールコーヒーショップつつじヶ丘店 
ドトールコーヒーショップオキナワマキシテン,ドトールコーヒーショップ 沖縄牧志店 
ドトールコーヒーショップオギクボミナミグチテン,ドトールコーヒーショップ 荻窪南口店 
ドトールコーヒーショップオオミヤエキマエテン,ドトールコーヒーショップ 大宮駅前店 
ドトールコーヒーショップケイハンサンジョウテン,ドトールコーヒーショップ 京阪三条店 
ドトールコーヒーショップニシフナバシミナミグチテン,ドトールコーヒーショップ 西船橋南口店 
ドトールコーヒーショップヒヨシテン,ドトールコーヒーショップ 日吉店 
ドトールコーヒーショップニシニッポリテン,ドトールコーヒーショップ 西日暮里店 
ドトールコーヒーショップウメヤシキテン,ドトールコーヒーショップ 梅屋敷店 
ドトールコーヒーショップシンカワサキケイキュウストアテン,ドトールコーヒーショップ 新川崎京急ストア店 
ドトールコーヒーショップシズオカゴフクチョウテン,ドトールコーヒーショップ 静岡呉服町店 
ドトールコーヒーショップセンダイジョウゼンジドオリテン,ドトールコーヒーショップ 仙台定禅寺通り店 
ドトールコーヒーショップキンテツツルハシエキマエテン,ドトールコーヒーショップ 近鉄鶴橋駅店 
ドトールコーヒーショップエッソチバニュータウンキタテン,ドトールコーヒーショップ エッソ千葉ニュータウン北店 
ドトールコーヒーショップフジグランイシイテン,ドトールコーヒーショップ フジグラン石井店 
ドトールコーヒーショップモリオカオオドオリニチョウメテン,ドトールコーヒーショップ 盛岡大通り2丁目店 
ドトールコーヒーショップクガヤマテン,ドトールコーヒーショップ 久我山店 
ドトールコーヒーショップシンコヤスオルトヨコハマテン,ドトールコーヒーショップ 新子安オルトヨコハマ店 
ドトールコーヒーショップシバコウエンテン,ドトールコーヒーショップ 芝公園店 
ドトールコーヒーショップヒガシカナガワエキニシグチテン,ドトールコーヒーショップ 東神奈川駅西口店 
ドトールコーヒーショップスーパービバホームカスカベテン,DOUTORコーヒーショップ スーパービバホーム春日部店 
